"id","filename","md5","size","state"
"22280281-1e0d-459e-9690-0194836e7ebd","aeb9f3e0-28f9-4126-b276-0f787d19ef36.htseq.counts","7a92189956416ff80921c401cbe89f24",1274594,"released"
"b97c966f-472e-4551-9fcd-19b76c1829d6","739f5018-d0d0-4f8c-9a70-f2e2aad9d466.htseq.counts","0a56856dcc2ea926f234a5e858adf3c7",1262211,"released"
"3b1b9bbd-c177-406a-b81c-d8baf1ba9257","b1623fd7-b407-4a82-910d-c0e57518e608.htseq.counts","d07cbb316231d0f03395866ba64e195b",1276366,"released"
"29e99565-f4c0-4a55-acc7-4bf6cd0a5fd2","250ed70c-1090-459e-b17e-c6420e1c39de.htseq.counts","184b5b15dee70cdcc41c2df505fc0646",1275075,"released"
"3b3ad8b8-5f37-4191-9d9b-43ef7fcc8b19","35ab5a54-d625-4301-a1e2-52f2881924d8.htseq.counts.gz","e7dc8bd3ebd68a56ebd5e0fdf00d9b5e",246489,"released"
"b007a9c2-24fa-4d97-8ed2-ddc7719bf08d","e3df7c0a-e03a-4bf2-b27d-6018befb11a1.htseq.counts.gz","221c1e90742582acbb46d81e23d8f8b1",261016,"released"
"28b41a23-ee00-49f2-b34d-0b2aa1af7dbf","914cada1-f6bc-440c-a3a5-cccf58dd092a.htseq.counts.gz","548f6145210f4d577b1605f49b1c01b4",270306,"released"
"78245aa8-bda8-4fe2-bae3-4f0e96e27968","a5b94775-a468-4602-b118-6fb01a028df3.htseq.counts.gz","0373df7f62a60243bd6f7afd2441fd8e",261069,"released"
"f36d5cf1-6cd5-4646-982d-281daaf284f0","8b14a563-bd4f-4f76-95f2-608c4ba95120.htseq.counts.gz","91c00be33332068c017d7ffdffb81049",258816,"released"
"98a9e729-a948-4fef-a76f-357b435268e2","5a9177ab-1d15-4f71-8abe-8e8acdc2c08e.htseq.counts.gz","f97ccdd26548e9a506fc0f45fe05a023",259672,"released"
"871dca81-b5c3-4ae9-b1ca-39e0943890ec","5cc3c136-8c26-4740-bc19-ee93d0ff878d.htseq.counts.gz","df71e9a7690fc840c4d9edb9774b0c18",260813,"released"
"06f0c68b-2c4d-4356-8712-e84a0472d25c","8328c0ca-dcb9-4ebd-9be7-4d33e371b18e.htseq.counts.gz","3f62e2c72ece1341704723a8b94ca240",260493,"released"
"429ed0aa-b926-4b6a-809f-b38c5bc0925b","bde9c657-1c07-4235-a382-6e335a08e2f2.htseq.counts.gz","05fb881e3f2bb693658ec485fab8c056",262410,"released"
"9bc1a471-6353-46f4-a0fe-58d1a62dce1b","19b200de-86b5-43e5-9379-a414ac320f7f.htseq.counts.gz","5ad87bba00616c9c434bd741345e8da8",262352,"released"
"2a9ddd79-8e37-40f6-8e51-15154bbf8120","f879ac15-70ca-4141-a31c-e24ee0b363fc.htseq.counts.gz","b612d0405dbdd964946abea29ce27ca3",264612,"released"
"0d8fe702-e90c-45f4-bcd7-0dbca74d51a4","e8b1b217-d9a1-40e8-880c-bdef72f7ab0e.htseq.counts.gz","2aa3942778b21fac8bc7cc430fe078e8",264687,"released"
"557c80ac-6efb-495d-a5dd-16975e154a83","760a512d-b19e-4549-8a58-d4882215849f.htseq.counts.gz","7d181d1959ad1fe01be708c8991bd182",261506,"released"
"0fb640e7-8e3c-469f-9194-ab29c273d250","715fccd9-648c-4397-8b2a-4ff60d57a9f8.htseq.counts.gz","f436898e54958860e9de74a6eef133fb",261880,"released"
"80329d91-4f81-473b-980c-a0d933b7c2d8","a93632ec-55c9-4bba-a857-53aa1e3ceab8.htseq.counts.gz","dd5ccb3c223303d9b75442f13cecfefd",258940,"released"
"3b73b77f-03ea-4779-ad55-18ca48d57eb5","0612146e-1703-4219-a161-8b28b922c459.htseq.counts.gz","7647d6dd0403f260c0f04d5af72d62a8",260517,"released"
"e7696da0-d248-4dde-b48a-877956060329","10baca0b-926d-4bbb-94e5-eee516aba7dd.htseq.counts.gz","0fd0c2144c124878a30aa129aed2c94a",259360,"released"
"ce01c60a-1148-4b58-be69-2560ba1e120d","370b12a8-8d7f-4670-acfe-3f26635ec73b.htseq.counts.gz","b041e8d99e04f7241d6779fae31d9f9c",262395,"released"
"81809e43-0aa2-43b3-b646-405c93515cc6","61ca52ce-7683-4de6-a422-f85e7aa2ed4b.htseq.counts.gz","44349fa2350ebd5abe32b7d3148db7e2",261813,"released"
"4c149ccb-5f4b-4ae9-ad7c-343b37859230","8ddee527-8143-43ef-91de-3cb78f1616ae.htseq.counts.gz","556d36b937fecdd55d1c1743bdaee9c1",263990,"released"
"18e7d545-72bd-44dc-b140-e4298483e6bf","a59407f9-091b-4915-acfc-580416ff0c55.htseq.counts.gz","7e4091a146374c3c3ed8958b4cb8d383",260247,"released"
"6a3954ff-47fd-49d9-b268-30981e18c005","8c5b143f-3675-449b-a5c0-fca9cafe2e35.htseq.counts.gz","915eac789c4b2d6e3a72cce130659f8f",256265,"released"
"ff9049a0-f8e4-4f1d-a48c-dbcff2d93f63","d0fd1d70-4467-434a-817a-06156299ae2f.htseq.counts.gz","807724eda3c114ec19adb8cb1c103def",267449,"released"
"46e2a00b-38d1-4323-9028-1649eb5fb886","4eaa61a5-9ff8-423c-a8ec-fb28cc576dee.htseq.counts.gz","841b6bb9b0908e7cbc71c5087f337d80",269519,"released"
"7a35108e-c18e-4500-8de9-b41a4319ab45","6c044e12-ed1e-4dc7-8d4f-8cd093cfac01.htseq.counts.gz","053d394b10e1a6a9d63de7b3df5f02e8",259235,"released"
"b3aa191d-6841-4709-86da-c39f37a93286","f69dd807-8426-4c82-9d71-d45d6887eae8.htseq.counts.gz","a6336ef9e1e8a8e91e8a633f767fd7fc",260914,"released"
"fffea00b-2d87-46bf-8608-b2dbf61bbc36","8b02297b-2f42-4e23-89a2-afed7380ab4f.htseq.counts.gz","782c809378e25726ebe3d0f49003f394",264352,"released"
"0458e97d-0087-432f-b372-9bf4f5cf9a00","4c301dad-e307-4de2-8dd1-c445ccbfaa39.htseq.counts.gz","1cce7bef91232d541032f8a71520c6e0",254738,"released"
"5e76d905-4126-4030-94ab-776021b985d2","cbba9fb0-df3e-4ace-b5c3-f97a40c2929b.htseq.counts.gz","ee1a6b3da319c41638b752cb8ff171fe",261179,"released"
"f77fd407-0ffa-45be-9c0b-568b455e6793","0f3ed9ff-6a7d-4ca0-a3a8-4b18f862941a.htseq.counts.gz","e235bf0b1bba805d08c670943206b7be",261860,"released"
"d808ee70-2a07-43da-86db-aee73e1bb8a4","f519e796-390b-49ff-9f6d-650c60d1df45.htseq.counts.gz","f2d74858c9ee12eaa62873b997e0209d",260473,"released"
"4fdcb85f-1b8f-46c6-8511-1ee554d4baab","23e0ae85-b11a-4cf6-a78f-12d33af37783.htseq.counts.gz","ec13ef9483939cdc57644d873db830c0",262586,"released"
"2b54a9e7-faa6-4033-89d7-ec89deaaf02e","5223724f-a8ab-4f5b-9f22-2ea001a0be54.htseq.counts.gz","cf35ee0b5ac486782cf897ff543e7b01",265619,"released"
"c80da1fb-c341-4f3e-a1b1-918950355819","c339e2e4-e451-4dd7-8ee1-c690c9b0dd1a.htseq.counts.gz","1934212ff504db7de31a434afd6f7e70",254296,"released"
"df396e8e-49fa-41fc-ba1a-5cc3c5a79334","d1e69dfd-5211-4c24-a86a-3cd52257deb1.htseq.counts.gz","4cbbe02456a26958acbeb1eb100ac67d",247560,"released"
"2becaa49-e249-4b9a-9846-4d86a7b611c7","1a1d5c6e-f425-4e26-997b-5ed8a0e19e78.htseq.counts.gz","bea0fc04247faf7970365cfe868ff167",259854,"released"
"d858a26e-c8ed-43cf-a00f-9bb7e1d29f33","4b535c70-610c-4041-be89-bdf852b78bec.htseq.counts.gz","da2bde48218da0db965645c7e009c470",262859,"released"
"b80b2fc8-a196-48bf-ae52-c1576ea3dbcd","5c971b6e-3295-456b-a8d6-d366af900e30.htseq.counts.gz","42944bb6571e4d69772f16b7132227ef",247882,"released"
"a4cc91be-187d-442e-b879-70be36941fe4","f85d67cb-d0a1-4362-8793-c51a962be33e.htseq.counts.gz","57b7db4417c1ffed2c6bf8d6b363027e",252399,"released"
"351cf738-7a83-4c4f-83e5-c15601fb821d","f964a516-aa0a-4ef4-97df-9369f490329d.htseq.counts.gz","143689bcd1aa0f60df40c6a286f0d93a",257564,"released"
"c5c52408-1cda-4307-a595-4aee66d1e2b3","f49764c5-6b18-435a-90de-64f114a4ce89.htseq.counts.gz","beda7cc068796d47e7c18942f93b844c",257667,"released"
"58667ab9-30fd-4279-b668-9f2e330efe35","bf92b6b0-e72a-434b-a27c-2ab6cec5baa6.htseq.counts.gz","6890189c4e6977c76cc2a48fb32986e9",253321,"released"
"564f35ce-8c84-4db1-8c12-a384cf46eebe","16e138e8-d131-4c28-bbad-e5e4fa1ac194.htseq.counts.gz","3046151537cef5985c332e4c7af041a1",244536,"released"
"d2f3a68d-2f34-4113-bb91-25b42f1917cc","1f28ff22-30cb-4bc7-8fcd-1665ecb5f8e5.htseq.counts.gz","a72dff0c04cbc20d21881855732c6034",256398,"released"
"3e676cd5-5802-4774-a1f5-4a3e4a086a2f","e128f367-8086-4ab1-a3a1-402fc78ef02e.htseq.counts.gz","d03f8efb304a0985dd2cb630072600b8",246757,"released"
"5a2c427c-e80d-494d-b1cf-cb6d9d4b90d9","4210e1df-eefc-4e24-8a4d-e7bcba1554e8.htseq.counts.gz","1141ee450bb1c6c18d5c51a000d58e66",260537,"released"
"fb75cee6-cd4b-4a61-80e5-ee8c5cf035f0","27cd5aad-5963-4591-88f6-4e34be509654.htseq.counts.gz","017894ff225eea93e1ed0a8654ae65b8",264339,"released"
"5279008b-0121-42b1-b78e-b8890a30a116","d7c2092b-9204-4a83-aeeb-dbc267c78822.htseq.counts.gz","16d7b27dd2a65af084b56e82ba9fa748",250093,"released"
"1829206f-0bf9-45d5-b48c-5e9f3f49682a","0d2e04cf-38af-4324-b9f3-f55c032e2d55.htseq.counts.gz","1a2bffd9e9eb8d4d5a46caea99e9a68a",251816,"released"
"d22e0a1b-4c7e-4cfa-9e4b-ec866bd3051d","917433c2-79da-4146-bd0b-4c79f5dfb1d0.htseq.counts.gz","ba83d6e02d2f7d9738418aa0d04245ce",250820,"released"
"3bd62adc-56b6-474e-89ee-783c29a7bfe4","9cc5f00c-ba46-42c6-b936-66ea97c3983b.htseq.counts.gz","09a5d4e7a90e512efd48976a73c8a286",255581,"released"
"f512443f-2863-457d-8982-fb63f69d09b8","91bff504-f679-4703-a8f9-467c4a7e768b.htseq.counts.gz","069c34d7d679360b31f84e56bfa0e714",255942,"released"
"afb79159-bdba-4bc7-b71e-ad23626c6762","fea2f740-e9aa-4aa4-950b-19d1f5feb0a9.htseq.counts.gz","94ba9114145c68f107e766ec69412dcd",254658,"released"
"a4793c22-4581-4229-a320-50e6ed4b94ff","18c6321e-e86f-474a-b6af-0074955567fe.htseq.counts.gz","4179bed69ff2bdf91ac542a396fdde54",259896,"released"
"218151af-15fe-4d89-99f4-fb8e93063c11","45a23ae4-5ab6-4875-a573-4501a845e649.htseq.counts.gz","55c6d4e124b31c90f80ebac81b5ecdd3",259445,"released"
"3ae66e1f-4b4d-4896-b432-bdb212416cbb","f28ccfbf-719d-4573-864d-67f3fe16dfb8.htseq.counts.gz","d870e0c954d7060043629257c817a6d3",260532,"released"
"c51ddd29-94fe-47fd-ba11-8f8718e8f3a4","9811951f-9a68-4277-abb1-9921290bedfb.htseq.counts.gz","928304ddd586a688457bcfc8a2114432",262579,"released"
"78c78bf6-bbab-4f16-9dfe-ecf33d9a0f91","5be1f1a9-b0d9-42dc-84a4-fa605ff3afc9.htseq.counts.gz","9bdb88ca7a44b9f632d072b69da0b03c",256429,"released"
"c072f502-1ae8-42a7-ac80-3982f01586c6","6892ab76-6690-4da1-83a7-c9ce5e19eb22.htseq.counts","2f9d8ff0bd2a3a59c10381d4d1559b30",1268868,"released"
"15270fb4-8f4e-4a26-a391-7d42576c46bb","d153c7a0-df42-4e61-81b9-2e72467c0ed7.htseq.counts","7a22a6d962603edc934ba49c4f084193",1272324,"released"
"0738e26d-942f-4ce2-b0ed-f0bc7428d05e","b2b0bec1-334c-4b94-a9d8-81206911dd42.htseq.counts","da069ac320532794c2f30e4f334963ce",1270419,"released"
"a0a40207-1f02-4f1c-aa30-b39f97c91d55","7cee37af-64ff-4983-bfbf-cb4f95d2b796.htseq.counts","00bfc26b18a2a49b3c8d7a0ac90022b6",1264404,"released"
"fff2056e-1e1c-4d91-88b0-37e04679aeb5","92fd610e-05fa-48ea-8127-42def9574406.htseq.counts","63f7c7c93e22857ad2a6f3970c790452",1272289,"released"
"4962a8b1-717e-419d-9539-3c3e485f235d","7b36fef1-f02b-4294-b1b8-559808bbdbb6.htseq.counts","83cb0ce4267b47eb61183e51a1fb8b79",1273119,"released"
"8bb94cb0-c63b-400a-9f0d-e73b71754356","7c2f9175-44b3-4461-a480-b7093c4dce27.htseq.counts.gz","a6b3c82d2d933dfd56e73ba67094f9fa",245201,"released"
"e520d768-3143-41fb-adc4-3ac16e0243d4","a08402e1-2c37-4258-8f1b-b011cfc24397.htseq.counts.gz","e66f8fce4cea2b1f57cf641886ca645a",252147,"released"
"cca96acf-3741-4f82-ae6e-9950b9edef38","b1969d74-ad0f-4638-ad95-ebeb01033789.htseq.counts.gz","ac3041a0567f301a95fe20dc5d711381",254738,"released"
"be362e3b-006d-44a2-a183-29ce84b5cd6c","33aef9f8-6144-43e3-bf09-c7cb3677de4a.htseq.counts.gz","09d1f065d5ba7cd597874bc1e768ac2d",238616,"released"
"e8adda1d-86f5-45d1-bd7e-e9d1f1ce3075","78ff9515-5ac4-49f0-ad4c-ec169e644b9f.htseq.counts","394d44a5fe03b3b04626b8e1bc75c0ef",1266894,"released"
"d989481d-a0b5-4f7d-ac31-aa37c4471ea3","f9ea6862-a705-4bd5-af11-16a683364b25.htseq.counts","3b319d10ba87b16fc456baab88be74be",1263806,"released"
"f904505e-11d2-4ef0-8f14-7154a2f5d853","e516732d-caf8-40f4-aa2a-2d250c7ce5b1.htseq.counts","e61613073b5b9e2a4a7676c551016ceb",1265568,"released"
"72058c12-0e77-45f8-a4c9-79db1ff4519a","204a726c-7058-4580-8131-37d078ecb6a3.htseq.counts","4bcafe9b14d9a99123f369aaa183a3d2",1264844,"released"
"5af584ef-5dc4-42dd-b136-eff03f9e6a8c","0a57b5c6-4a57-49b0-b20c-6252d39f002a.htseq.counts","beb367ce36b50a4950cbec926ecab8c7",1262447,"released"
"b35a74b2-1d85-4609-8b38-5f55a7322a85","4e4df7f7-121f-4237-9611-ad11e64ac1de.htseq.counts","dfd75b9c79157848b0f0e0f1424182c0",1272898,"released"
"ed425d32-b56f-4884-b54b-d49c5a73853c","0a01a5ee-1df4-405e-8eb6-98fa0a480ace.htseq.counts","94df9edf9c73550e5dd4779f551e75cf",1269986,"released"
"28be129b-f449-4b46-81ba-7fef28d0d4b3","9fd943be-b3d4-4fc1-8f22-69edf84f1871.htseq.counts","42f0865824cf4bb86515fb6c816e0192",1267461,"released"
"fad24504-b3d5-4ea1-b9d4-5a480c827188","6790b6ce-1be7-420a-b08b-1d9ce8fad4a3.htseq.counts","f7b7131641e52109f3f12bc38321a1d4",1276282,"released"
"ac05f0e1-be8f-4c7f-827c-e4a443f4d856","0d9a80ce-b0f2-4c57-b4a9-14ed3ac7b31e.htseq.counts","405cecbddaf75e00805b27aa0ad58f06",1271341,"released"
"8f3ffcf3-3257-4078-a362-cd5e8f4ed2d2","271dabcc-3b9e-4ebd-9a93-ca2ee6b9d863.htseq.counts","24e7b3095b372421623b9d644ee77def",1276329,"released"
"2c5c6668-9ff0-4a1e-a89b-013f5f515dcf","b7fd0fc8-a27d-46d6-a782-d5b624aa81fe.htseq.counts","81f5476901013e9d476056784a51c317",1273232,"released"
"b7a8cbc0-8ff5-4216-8a00-d7a238f22fcd","7cccad17-8596-4032-9433-e293f2044d79.htseq.counts","46cc2b18d48ec8c66ed22eb625be0128",1275973,"released"
"7595d58e-f4ee-4fbb-a8d3-ebdc6c00ffa1","2961321f-a06c-4ead-9bfd-b27d99e4ef08.htseq.counts","4555dc22ca4bc44cb096e500b64da31b",1270757,"released"
"dfe14a8f-8c2c-41f5-9591-29a9dbf00db9","e99cf13e-9bdf-402d-9ec4-a8bf771543a5.htseq.counts","099ecf1ff2b6780177388fdb492b9719",1260772,"released"
"068741d6-9334-4fc6-8310-7aefdc1e7b04","626adafd-e4a3-477b-8ad3-48ed04d4d95c.htseq.counts","747bd4c92600e8c00fa27ec5bbe924be",1278543,"released"
"cc850b19-1d54-4794-a7c6-c6eaacd1dfc2","671c70da-e21e-4dd6-bcbd-6ed30fb78278.htseq.counts","b8ed682f26ce52c0f70ffdecb5c2f97b",1271377,"released"
"f31fe296-402e-4e7d-b072-e4a6571a9c8a","bd66a50d-07cb-4d08-a6fa-73e0ed15ebe0.htseq.counts.gz","73cd762fa5297364c5b9d4acc8736671",263319,"released"
"170acd0d-e6ae-48ad-a789-951451ed47b2","0ca98b38-6d2f-456a-9d4a-3771963442d6.htseq.counts.gz","b9abae4ec431853d1955b27091a63caa",258163,"released"
"f38a606a-2795-4a95-a82c-5b842d42b50a","f8b65272-4e65-4d31-9454-ca9b635ebaad.htseq.counts.gz","5d31e108aad8d286852eb90d3f24ede9",253434,"released"
"ffceff8e-ba70-4094-a5da-a5b28e96233e","b75c5da3-8ce6-4ceb-aae3-4ceaec33bba4.htseq.counts.gz","8d1dadd3b5126b482fbae6288cccfb2d",256715,"released"
"1fec6837-6f92-4dc6-b67f-33afec6c4afb","ad2c2e96-acd3-42d9-bde6-cef415d4eb98.htseq.counts.gz","3f31c8d7dd8279b10e15ccdd5fe1f6e7",254851,"released"
"ee3782f9-5e3c-450b-8902-024636f90d1a","d1ff5cfb-0b4c-47d7-b7ca-47e8134ecd94.htseq.counts.gz","3e1037b4f8aec81d6d8cb159e438adb2",258778,"released"
"cf77d5b2-20e9-4f3e-a6a3-d97ff78a51a0","8c689ea6-b3c4-437c-9e5d-83fa6c26fb3c.htseq.counts.gz","5a6a7f9c1567b96355372f77a2ab7fb5",254389,"released"
"981734f2-5bfc-45a0-b643-0a9dc4101e17","1f214507-4a68-46a6-aa2e-6d1666c53583.htseq.counts.gz","cab08b0002439062545c49855db88255",251834,"released"
"198cccd8-794c-4a16-8086-e73998f0bb7c","9e24f66d-2fe0-49d1-b0d2-9abea4ca2f01.htseq.counts.gz","3278f4be99605a7c9b954afb3f00b323",254363,"released"
"721564fd-3075-4aa3-8479-f388219bba5b","7d07636d-e4cb-4642-83ee-c04b21d15227.htseq.counts.gz","55a30db2ce9b529b8cc37aeec26ac4ec",258093,"released"
"21e105ea-6362-48ab-9a3e-f3b1c462356d","a282a4c6-45de-4eca-bfd1-d113440034c2.htseq.counts.gz","4271b6f467f2d9d555d9fd2452f9fad0",253880,"released"
"140311b7-1527-4883-b322-eed48562c518","bd29f662-4f53-43ce-ad0f-ebcb62546109.htseq.counts.gz","b709b21ae27c01f9c55d98161909aae4",264320,"released"
"bdd8e266-ab4c-408a-a56d-3420ad0b5120","b257fdcb-d2dd-45d3-98aa-580c07a9571d.htseq.counts.gz","b351fab8738804dccc53988ae4b04b03",255855,"released"
"4daa1b99-d774-4099-bb30-f7c2482a90ec","b188181b-e6a9-4df8-830a-49231376daa9.htseq.counts.gz","945ca56e987af33a27ebdf536c1eab92",250209,"released"
"e07c57a7-5960-482f-b342-ecb0b96b61db","7f2b02d5-5bab-4cbe-9844-29f6193fdc99.htseq.counts.gz","c325b0d0b7be1b00dc570a4b6053f8d8",264519,"released"
"34113122-04f7-4725-a856-a8aeee74f4ee","063615d2-d31b-4d04-bc40-cfe49f7cedab.htseq.counts.gz","28a03c6d061d779e730624aee58fedde",245960,"released"
"d7ab659d-6782-47f5-b60b-b44b7ab0df26","e33b179d-da93-420d-b69d-ccbb84415acd.htseq.counts.gz","58567fdb9e1f8945adf199fa018a5060",264573,"released"
"6dad9358-901a-4e98-be3d-69df25e818c2","42267bae-f00d-40c0-892d-539ac673ac13.htseq.counts.gz","92860998dcfadde1bdb1156916c4ee43",246339,"released"
"e4d4d244-396b-4616-ae5c-167f34eae4aa","e90b11e1-f717-460f-8f0c-989f8c0ad995.htseq.counts.gz","8b26b02944af577d6f843342eee37cff",258413,"released"
"08c93f65-3136-4fc3-be6f-97cd8ec73a36","2a3814fb-e9b1-404c-95da-db348ecfa14a.htseq.counts.gz","6a9f68157208a3d40552b3f8758dbd56",250998,"released"
"b40cc833-4b87-47bf-8db6-288a315f93ab","781a79f5-89e2-4ae3-9ad4-e040832beebd.htseq.counts.gz","1dea7485648ef6bb4c4f4bef9fb084aa",258227,"released"
"437e6b63-9246-430f-92b6-88b4f53a710a","caadb8a0-48b0-4385-9aca-8b550d6f8bf9.htseq.counts.gz","94bfed36ef4907e3d034d5519bc45ace",248486,"released"
"a77b6fac-acec-493f-a526-620ce7394683","f736a8b9-2e77-4b32-902d-56c19c8cca11.htseq.counts.gz","eff1a6a3a91382980fbfdc48028ffa47",255241,"released"
"4074cc80-4def-43b4-b73e-8ab33d7f4204","4b945b75-c810-4275-879f-59765b4a7311.htseq.counts.gz","ab5f5f714de55195322f42a5940094ef",261310,"released"
"97ea570a-8985-4526-bf8c-6882962ed734","27e5ddd3-b1fc-44e4-bca8-755bb44ec814.htseq.counts.gz","bce0d20108a9c131ebd18100dfa3469a",252128,"released"
"ad841a5a-9fa2-49d4-9bbe-3a455854b732","3200a1cc-3cca-4355-aa21-c63bc3f63995.htseq.counts.gz","40815e492cdcd46e87bf40559b57cc9c",253595,"released"
"dee0be1c-e84d-46ca-942f-c3e1072e5013","2188f1e8-7b61-4b16-92d4-745b10266aa3.htseq.counts.gz","4541ae340dda6f6d399a4bb4551fc3a7",249727,"released"
"ebb88bea-ee15-4b68-b46b-681c524b7fbd","c79807cc-404e-4479-b46d-822d31737539.htseq.counts.gz","fc003680a3aee9355be13e7896bf9830",249059,"released"
"b46bb687-2af2-413b-9b9a-1534be46ee58","9f4d7c11-2e4e-41a0-8553-205a7339f6ab.htseq.counts.gz","527f7a1dd6b7cafd31f0b2812b44f672",247461,"released"
"e6f85095-cb45-46fa-abb9-904e31a451f8","3e1526fe-01ec-458f-9bf2-4747a75ca0e8.htseq.counts.gz","169bec78b286a58c3394c012f035674d",257147,"released"
"9b7be686-b936-4bab-969d-ca8a82fb8ebc","a9ac34e6-05c3-408d-840f-d2f196402f8a.htseq.counts.gz","481630df8c0a527738e65861c3ce47e3",254308,"released"
"09cdf670-8666-4b07-8b4d-34dcd388fee8","446c6395-d095-4401-b730-e05ea16efc3b.htseq.counts.gz","c688fa99b529c4a6065749d0d4e2a1fd",255849,"released"
"9bcbb60c-fd6b-432a-bb7f-9b2b8b382f3a","d8caa26b-0e3b-48c5-b301-7538f39daa25.htseq.counts.gz","1d1873e61b1202fa68073737d2c881b4",257361,"released"
"0d0638dc-3c4a-4218-83e2-34347e69e71a","d40bb6fb-fb99-4907-8d19-f0469f10bd10.htseq.counts","63eb9768fd94a6578ba0702082d91d15",1262120,"released"
"b7236608-cb39-4eb6-b876-aa8369471d4f","af82838c-9071-4dd7-8766-b818cf61cf82.htseq.counts","2af0bdc50602e23ddbfb677ed2ba5faf",1266491,"released"
"1b1975cc-db84-4c82-9f54-24e0876bf202","61b147dc-a769-42be-86c1-57b6ecf119ac.htseq.counts","799b7444dcd2805e7be95608442895f5",1276709,"released"
"29942956-f9f9-42c1-a575-2e93a6f1ac03","391324ba-9289-4a11-854d-1602da0094d1.htseq.counts","d12a13b1b4ffbbf8cd48b5c2a8d1c49d",1264940,"released"
"0bce4a69-81ee-43b6-8fe7-126c3c1a61fd","0fc262f2-9c2e-4f28-af3f-337fccc68465.htseq.counts","cf94c7bcfc9b4ea68223f615a37b6a46",1272758,"released"
"312dcd0a-68ba-4880-bdae-307b751f9efd","57257d31-a1dc-4d48-b63e-dff27fbf00e9.htseq.counts.gz","e973037a86bcb52b58726362c8f3750b",260048,"released"
"56a4b60d-baf1-4cfa-86d5-e2d146db30f7","1b1ed2c4-0fc3-49d2-89c7-140083e330f5.htseq.counts.gz","6d1a0e62fd64dfa9571ed80ddd7d1457",261838,"released"
"b05a3267-08e8-45ed-9494-a9c25c6bfdc6","4cd42e8d-e1e1-4d9c-aab2-1fe6473cbb5a.htseq.counts.gz","389dd860f1763d0002556613e5f18c4e",265637,"released"
"110f0753-2f6c-4778-bfa4-5961c1a89405","bc1fc280-c0c6-4179-9ab0-b53c7b0e418c.htseq.counts.gz","9fcbf75b51386a72c38b3037e49991dd",259574,"released"
"34a7817d-afd1-4073-8173-ff86a284f6c9","8e24367d-a474-4be9-be51-b951ba1af051.htseq.counts","b634cebcc59a0d8385b5063740352de1",1276026,"released"
"bcbb93da-dddf-4819-ae96-0ffbd9857744","0851d235-5d5f-48d2-9e39-3e8a8863b5bb.htseq.counts","4b32342dd3f757e5c4a3cf9e7889ae9d",1263514,"released"
"41af5af9-2a4a-49c0-81a1-39ae9fd5417a","9704403e-aaf9-4a97-99bc-b2a9a9861767.htseq.counts","c634f12989231eefb618ca5e3f8e8683",1273381,"released"
"776db67a-ddc4-4488-9406-9e961048f8bf","a0c20437-5cbd-47f2-a635-9466a8d61c25.htseq.counts","c04c2605e544f692038b7153b486bf80",1273801,"released"
"a0f85380-dc8e-4424-985f-36c5d6fb861c","f7541bf7-73bc-4163-af01-3fea29027a16.htseq.counts","6e63c261ad1362cbb12f2acd2f501aa8",1271260,"released"
"d3947906-9987-4ab7-bf67-fd96d5755b04","2d14958e-806f-43fc-abac-69e5545c895a.htseq.counts","1409c6937776889487ab2bf34077d418",1274265,"released"
"f36367cf-412a-4e76-8219-11937f3143a3","84b1ca2e-4732-426a-bbac-9720579ee30e.htseq.counts","d80709176f8105adaa4219baae56b67d",1274319,"released"
"d513d991-4b52-4f84-af7c-dc2ad7fcd39f","bbb067bf-d4ae-46be-8bea-3f71d371b7f8.htseq.counts","ebc2e19582cea95b51446db9941a1e31",1274791,"released"
"fbc0b227-750b-4028-b00f-7da13fc09215","c7ac5a3e-b090-4882-9dca-94f55e3f7fa4.htseq.counts","7e0ab05d2a1e9ecd75978bf0e80affa9",1271544,"released"
"6fcc83aa-e12c-42d6-9179-bd4922e2e0de","cd0c500a-90eb-4981-85b9-8688cfb7876f.htseq.counts","264bc7c478b455eb5f8b490e1320ad2b",1268195,"released"
"87cb2067-679b-4cff-a264-d5e108ccb1b0","7e145f1d-1807-4615-95b5-2684ccbcb348.htseq.counts","fda76a3895021d8664e7fadd79605d70",1277677,"released"
"9caae20a-f218-4e52-af7e-70f57ff710e3","6ea52dc5-77be-4a8d-8234-97d7800b44b3.htseq.counts","132383505408649e6e18beee26fad08b",1275999,"released"
"ac069baa-07e2-4493-9d4c-ade21e3a25be","f3d1dd95-37da-48be-88f2-0312bdc161d2.htseq.counts","17489dc2d772ec5e59ba6633d6838d70",1276922,"released"
"03ae150d-02e7-4246-8d59-c558d28fc2c6","4a946572-ad2c-4759-baf4-0a8cbe3ed5df.htseq.counts","27e939e40b74c665b20328c3208c0919",1271029,"released"
"247b1359-ccba-4636-aad3-f1788b033d67","b1d954e7-21a0-441e-a9c7-47e6a6454625.htseq.counts","7e8fd2254b61de7961ff967fe5fefd61",1272127,"released"
"27e5c514-9c17-4279-9980-3da544a662a6","305357aa-30a7-458f-a023-ede757d64591.htseq.counts","ce34c0ce8b2659ecfa8a1141c57fe1c1",1274328,"released"
"18e284a1-0fb0-4e90-bdf5-a6d2464e26af","4f13947f-1cf8-44d6-bdb6-13f9668dbcfd.htseq.counts","5e88e02d2221f6dc65abb314a115fc53",1266903,"released"
"0b611938-6433-4ca3-b4c9-774414c70b25","58fb41e7-6659-4483-96ab-28c086f21d9f.htseq.counts","77d72f998e6e061785628400e56a9fb9",1278248,"released"
"df298b13-5ac4-4089-9a1a-0b6471ab93a5","f99e2b20-96d7-49f3-bdd2-7a1cf2fa6208.htseq.counts","c22c9dcbe0bb44269c0d56fbf2934ca8",1268206,"released"
"6bc1eb63-0ae0-49f2-9777-9ca7bb261fe5","c863478e-1746-43f1-8e1e-d87e0cc101ef.htseq.counts","ecd4dded713b34d3a11fdb554bf6fed0",1276293,"released"
"438e8278-e836-44bd-8225-e90053838f6b","0828a945-a123-4166-b93e-2071bd743c71.htseq.counts","ec7706d18b444470e946bf8a226056aa",1268790,"released"
"7fd79bc2-bd6a-4845-9abd-18d77db964b0","9d0e0be5-16a6-4898-bb6b-08113ca10cde.htseq.counts","8e9fb507c563b7379add35199dbefb22",1270423,"released"
"09ab195a-d931-4596-975b-3551100900f2","d8d936d7-5483-48ab-90af-c5e5fa675d9b.htseq.counts","8132f34e7128eec2c12e226c8a660f98",1263959,"released"
"e3251318-c845-469e-9e2a-b30f7682d843","88f748eb-9c5d-46ce-a778-c5c168aff41f.htseq.counts.gz","126c1149bcfaeebff3f9fc96958321a9",254074,"released"
"666b4713-f541-4c79-aa3b-7b9f5b89d736","97fbdaf1-c12a-490b-b87d-b093118d4f0a.htseq.counts.gz","c6aacdb4851a55813f0b6b35eb1f5f82",257521,"released"
"2e83b206-5b1c-4102-bfe6-fe439a6e4406","a3adaaf9-8fca-4017-99b7-75c317323c26.htseq.counts.gz","f834f443b490bd830436159347910ee0",261845,"released"
"3a397cba-b8a6-4b85-8e91-fb92f642a879","fb68e3d7-2603-499d-8f13-ceb1ccdc7712.htseq.counts.gz","dbbd5d52c29729031eca32f8c76a28bf",258806,"released"
"0dd39e9e-aa3e-4dc7-aa4d-e1abca583679","e6e480c6-9af2-4afe-8b30-d869c635fdb7.htseq.counts","97081d71bd49ca82e3d240e534e55659",1268389,"released"
"4af4e64a-78f7-430a-a62e-08728ad76ffa","20cfdbe0-d8be-4a00-aab9-d3011912a8dc.htseq.counts","e755e95a725b901f9b96af36f29775b5",1274221,"released"
"1888e5bd-fd6b-48cb-a59e-46a6e4518d11","1eb90879-2cb0-4cc2-ae58-eefacd1715d0.htseq.counts","bcfeea5d06baf1f4bb126a8a62cb2ef1",1269445,"released"
"532fd713-e9b0-4074-8fe9-3a652d5c71cb","6ad1f4f9-dec0-4ded-8391-45efeb7ffe8d.htseq.counts","cb4e5fc7388f6a76df188481e9ba71cc",1276323,"released"
"c8769309-dfac-4fa0-ac97-4b44edc9db7d","44643665-e3b2-4d0d-990b-c1ef6c50b00b.htseq.counts","951b23be4cded6884dbb82fd90ada756",1270212,"released"
"e7e1e726-bbd0-4d5d-adb2-3a3cbc0ce36e","02a86e96-346e-4ffa-bada-23b1823416b6.htseq.counts","8e045badb3da064447e38c566db55a82",1267545,"released"
"dd4a33fd-ec1a-4914-8e48-afd6be4bb21f","82ea3851-6a95-4259-9154-ded11d20b14a.htseq.counts.gz","407d94e00d6398d4e3269aa4791ce269",262240,"released"
"b57e2465-d8fb-48f8-a788-37c2954142dd","59a6e3b3-28cb-4394-9f1f-8149a233f7c8.htseq.counts.gz","91948e419cb0915ff6770d55e1d37f10",259026,"released"
"98d55724-0c61-4ae3-a7f2-33eb74c34fc4","89d9019b-9363-47f1-89fa-86d20fb50f80.htseq.counts.gz","ae011c9ec611bb9e5ab8a9e429d2f937",257365,"released"
"120c198c-12ea-48c2-a3ca-dee04628c615","a3deab6d-10e5-4dc2-ab8a-b9a1f59460a9.htseq.counts.gz","72ab03a58644aa281394b10159ad8091",259925,"released"
"624c5c8e-4c23-4708-9213-880477b4f2a0","61a294c1-6cba-4673-9d6d-7b8fb6b3dc0a.htseq.counts.gz","7a332e19ae68190faf030f336ba35880",258727,"released"
"f5a0ed90-055d-48cb-8b43-0a219ae10895","f35be558-137d-4d13-b9a4-d2b2046cfde9.htseq.counts.gz","cd2c3d64ad372bd29635fe2bbdc1516a",263161,"released"
"99898737-a2d5-41b4-8e81-be7f5d7cc473","63cfe1ee-d1eb-43ae-94e6-a720afdab7bb.htseq.counts.gz","3fce47bb8e41747165f77f48d9db207d",259080,"released"
"d332b8f1-12e4-493c-84e7-ad13dfd04dd0","c11a6a5f-db57-4e78-a06e-aaba127b85b4.htseq.counts.gz","2cefc8e311ab16056be6bd76aa0b9963",258996,"released"
"aef321bd-b65e-4360-82b5-100fcdc7b733","7d528b37-b4a2-496f-8b4a-6735f1ae756d.htseq.counts.gz","3c986ea032ecd8a3648674d056ade2fe",259228,"released"
"21299487-9511-47e8-80ae-8839492140e0","76e73494-af7e-4fb1-92d4-11b59ae2d9f7.htseq.counts.gz","57913f29e2d5721d62265ee257ba6797",255929,"released"
"b5a3fe81-6634-4c1a-ac2c-18a5c984a50d","616981b2-b4cb-47fd-a58e-fff36d1298a9.htseq.counts.gz","0dce959e60d3a33fd688b07066e67955",257711,"released"
"25587ee3-a07f-46fe-93c8-a99bc2d982d7","2f601196-beaf-4a1e-91ee-72ef1de17f98.htseq.counts.gz","800f8a7f5ff28652e02dcd1595f209cc",254549,"released"
"f8ad61d0-642c-4a78-8ead-fcf3dfedd0f1","3ba30b28-1a96-46c1-819e-c2e4b88e0435.htseq.counts.gz","ff14da9cebc455b44a6fb5794fdd77ca",257726,"released"
"0f69bbbd-4608-4ce7-bfa6-a7b098709bfe","77662ceb-8ac9-4eaf-b997-4ab0dd727065.htseq.counts.gz","767efb8280fba2ac82165f04a46c1556",259301,"released"
"f70df563-219c-4cae-be6b-255ca7c12cc2","da74c52d-e83e-4377-8615-9805d2d0dcd6.htseq.counts.gz","2e59c7aac96c77d67d115ae35869b170",265639,"released"
"ce4131d4-431c-4fff-9482-6f6dfdb6954a","496f1859-bbe3-4d14-8c10-1bfa22f11ced.htseq.counts.gz","3f0c345f2b7188d0498e1c2a3682c8ca",264884,"released"
"7074db0d-84a5-4388-957e-c68a5cef4f56","11b78e34-e8ad-4ee3-a1d1-1a5ba1974698.htseq.counts.gz","c9e359c1e71c15c5ef9c0c23782d9a09",263416,"released"
"e27aba34-ffb8-47e0-ad2f-9d38429fd2cc","7178b82b-ac4b-4c6d-b1ec-e20d53b6eb0b.htseq.counts.gz","315ca5bc81f659e134a9a8f7e68514c4",255344,"released"
"a04f614b-e944-49ca-816c-7967a993ad53","4d53b1a0-08b1-4dae-88f7-15c0b41bbb66.htseq.counts.gz","d7a6d173e0b36adf08936decae377645",258846,"released"
"7033b893-4388-4ef4-9e73-9d52905a7db0","dc2ea9fa-a02c-48d7-a256-f9ada13706ce.htseq.counts.gz","8782b3cf829ce67dd0e10fcb1823142a",265035,"released"
"aefaf5c1-8e2d-49c0-bdcc-042144cd1326","a64ed7f6-4792-4317-9dce-fd757e57f18d.htseq.counts.gz","a26931404e7cd7131ddcb0230eac787c",253278,"released"
"f97f5497-f11e-4b3c-b0c5-59ce4fc837af","4d587d89-4f23-4769-b5b0-aa76eabee3fe.htseq.counts.gz","4f2f54dcbaa82475f056977a6fcf6e0e",251971,"released"
"9bd47482-66a2-4866-afec-e2dab32f6059","32884be7-c25f-42be-a0ae-c4b124094b52.htseq.counts.gz","eb61046f3223ec3d0b6c5de9e165a5a8",248754,"released"
"633dd6b5-a8a4-4c63-964d-d81ac6d63063","0cce93d3-f124-4e51-bae5-96b2e543b5a5.htseq.counts.gz","9ec963f62aab4f589b0eed7c733b5423",253829,"released"
"9f66d426-54ff-4f7b-9564-885a0d9fd109","cc48604f-e6dd-4213-ae0b-56334762d9e7.htseq.counts.gz","09e30272160bbfd22307a3eed45c03d9",249625,"released"
"d95994ee-ba59-45d0-8008-f3c3a2b103e5","f2660632-10c9-4ab6-bd8e-7379d57639ad.htseq.counts.gz","86f8f9919614b06f68406e69e393293b",257323,"released"
"a24ed7a8-78d4-4423-acf3-322e1cbba5f7","a3a65ef3-7c28-411d-9fae-7777766ec376.htseq.counts.gz","e3571b3f355786a3ae56f8d401b00604",247311,"released"
"b3e4e16c-4b62-41f5-923d-cd143c8141d3","e1a0b185-8c9d-4989-9492-5000e0a71812.htseq.counts.gz","7d50ebd9892bd30dd46e6d6a31b376d3",258675,"released"
"30280f21-8941-4240-a882-ab640bed9e7f","47df1790-8233-49bf-ad42-824fdc9759e0.htseq.counts.gz","69a84d49be604592f831e193c126a51d",254482,"released"
"19a04618-6055-407f-9149-4ff374bf86a7","c8ac3bf7-884c-4841-b34e-d4303eefc866.htseq.counts.gz","31f122dbf1687538744e3d516b20daa6",255892,"released"
"323500f1-c032-4848-bebf-5a2b36d355e0","cbe282eb-66ac-4b7e-9689-2770c96141cc.htseq.counts.gz","cfa31af6e49856754c3dd1f15c9726a2",251966,"released"
"805cd1b8-d2e6-4d6a-b062-2299a3eee2dc","6670f0a0-a322-4a63-b979-56b64d22d8e9.htseq.counts.gz","22126b0c8720e87a9639b85b600bc9ed",259148,"released"
"41c130d7-5d1b-4003-b602-b702ea1f88d9","b2e76ef0-b480-402b-ad12-5e21cf098810.htseq.counts.gz","370c046e3706f977db61b53525bc20e3",256868,"released"
"006ff1af-215c-4481-ac55-4b65ab59b264","8855b429-f1af-4e3a-b8c8-d6f0b64de33e.htseq.counts.gz","eeefa9489ce0026c3bd72858b05bbfab",262523,"released"
"05cdc621-4d7e-47a0-8c8d-62fa4f6a4674","4538e427-4246-45f8-8957-14337cff849b.htseq.counts.gz","f0cb288d06d841ad387ef54ff7ba4bf8",252164,"released"
"43e3ccf5-625a-4a6f-8355-a543a6783ec5","1eae7be6-56ee-4fdf-9f24-94eed4af102e.htseq.counts.gz","9e5e70cf80c3361296b6b7bf57eb0a99",262930,"released"
"e2468d15-8799-4ed8-bab5-6f9ab790d5f1","6f475a4d-53ea-4110-b80f-d519289d41f9.htseq.counts.gz","fedf8e86d7f5563cadb6512ec90e1152",255446,"released"
"9cfa69c0-6013-449f-aaad-636309fa31ce","4118a97e-0764-4d62-89b5-14c705076cb5.htseq.counts.gz","abe14d75bf1c217224cad0c035a9c497",260894,"released"
"ee0ef029-9d0b-4c59-b982-861b31506a54","dac06ff7-0ebb-4547-be85-f7aa49f43574.htseq.counts.gz","28b27efda366dd8b0adabcc9f7a5d663",263086,"released"
"609baffb-55af-409d-8dbd-d255fb88e3d6","0d341ba4-980d-40c1-8f57-40ad4dd87e56.htseq.counts.gz","737f2922ea6973f62b366a160453dcea",257613,"released"
"f6de05a5-929c-406e-a5f9-d76a4d5e41e7","e77cf0dd-d42b-449a-8b16-88542bf2d1f8.htseq.counts.gz","f367a2566e2442fa894e54eaebda6765",248549,"released"
"d16702ed-bf22-43ee-a602-87c26a19fd4e","8fadcafc-9a19-4ac0-bf7e-e6013abdaf39.htseq.counts.gz","7cb4c40fa3fa263f7e93a51d0378d781",257411,"released"
"75086ff3-db8e-4d1c-8a05-cab0351e9412","882cc398-3396-4096-9153-56383b91a326.htseq.counts.gz","7a9e538631febfe93427a428f9ec7bb9",252131,"released"
"f1525f94-002f-4d4c-bcce-af85c946cbd4","8f0d6a23-ffee-44c4-ac01-e55cba942e4c.htseq.counts.gz","0d55e93db6bd9032333c2e7cbcdf4854",256493,"released"
"f2c970ba-396a-4817-99b6-fddfe84f8d98","2e677b61-7eb1-4d68-9be5-49832758814c.htseq.counts.gz","b80606c8017d589e902f10a97cc30f8f",248099,"released"
"1dad406a-608c-41af-bcfe-1dc27c72441f","037bf43c-7de6-4f82-80bc-8c9673fbdd7d.htseq.counts.gz","b1aa73493602f77f6f25bec468ce6605",252622,"released"
"ed9f2745-b1c1-4128-b1fc-2505817cca0f","bd1f0939-1608-4d42-a6d5-c8b198188356.htseq.counts.gz","849acdea72864613d1ffead6fb31d2f4",255200,"released"
"6133069d-135e-4115-ab3c-0b27f3170eac","7960712d-2f72-474a-8e87-4c0610343ea7.htseq.counts.gz","465cca19c1b90690fd55a660be03d68e",252133,"released"
"1d95d9cc-7d76-4a65-92e9-30e8421e5479","b008caa4-c07c-49ab-b06d-a8dc8a07d172.htseq.counts.gz","e6841a3ad76260bf2712b3e37a74a2fb",254482,"released"
"bdf65cd2-3b99-4b7d-9136-5c510fffdbaa","f3b18b97-672e-4852-b2d4-579d562bb72a.htseq.counts.gz","277d6c9493c1f0c398dbbe07f842e7ec",255929,"released"
"6531123b-4947-43ce-822d-cd05b466a253","d433732c-8507-4746-ad1f-560ca62597c9.htseq.counts.gz","9b8d240cbb331ee4133624addf5c365d",256196,"released"
"8dbc88b6-d67b-41bb-92e7-3e8314cb5a4f","1a09370a-030f-42ea-ad75-d957a2ffcbd6.htseq.counts.gz","2599a68e058d43abec4cad31ee5dca47",261564,"released"
"c8af6d79-d38b-4a9b-9dff-a3130a252c16","40c104b7-728b-4f1c-888b-202caea11ca9.htseq.counts.gz","9a51f69b62e27b5eccb3f91f4e5c5c6d",255345,"released"
"e5705457-03b5-47a3-b7c9-14f6c8aefd5f","68d6771f-b905-42ae-8cb4-05348de80fed.htseq.counts.gz","1981ffc063235ccd213adb033e93dbf3",249603,"released"
"fe16b51e-ad6b-46d4-8a35-a4667612f23f","6563a448-141b-43ec-89e0-184f1a8eb71e.htseq.counts.gz","143a2cd5f8ccf233bcff9c2c9f1a6227",253965,"released"
"b74dc9ca-072e-4b76-b6fb-2dd605f343f8","b4ef118e-7fd2-4434-9dc7-e19c8a9b9e17.htseq.counts.gz","ba717900f965787739cf0de3778a38be",256052,"released"
"ed3afc29-8c8b-49f9-86e3-4cc7033f0def","89847027-0509-4a24-afe5-5198f569e010.htseq.counts.gz","bf825d521b5b5c1b13bad64034a811d4",254602,"released"
"fbf843a6-04f0-4646-b1d7-07703da29a70","516be6d7-bf03-4862-9069-1b7534aa7ddc.htseq.counts.gz","259657bbd9f5393f0dc727fa2a270c40",248562,"released"
"654ebc8e-2911-40c5-90c4-56661232273e","9b276b17-b3ef-45a4-a67b-e1b087eb0f09.htseq.counts.gz","47d9537a5f9041d9061d7f55c762c9f5",260656,"released"
"0aa764bd-bd39-46b3-92f6-8ea87e468094","78177300-3d94-438d-a9a7-ddf4f406a6c2.htseq.counts.gz","b8223ebce9bcec821c63afe20b7e1ba1",267160,"released"
"8117b0c1-e5ca-4508-a032-863997e34f50","79a30a77-b179-4b34-b208-c63377dfff8d.htseq.counts.gz","cea06959f22808053b339c95341745ca",258811,"released"
"d50e464b-4780-46ca-8808-88de18bdc892","b43d717e-eb4c-4429-8e99-ab3dc9a2677d.htseq.counts.gz","181e6daeb09898d66171a98da2d18049",257002,"released"
"b6ec3dda-ff7d-4368-9768-a3db095cb634","c0392320-cf78-49ee-b7b1-c25bdbbc92a8.htseq.counts.gz","e229d570aefcf989b3499480bca05163",256071,"released"
"38d0ebe4-370b-4464-b74e-734345456b30","d9032a12-9775-49be-8a07-3ee2b5ab0e34.htseq.counts.gz","a40900794fb28d6454ab9dc1340e2ea4",261325,"released"
"877d4e6d-fd7a-42ae-987c-92536b2ba0b3","2c8ba109-947f-408d-a410-8040dd718004.htseq.counts.gz","f744bdd35dcf92dcfc36db795f4e54ee",254974,"released"
"e25cc7db-05ea-4a8f-87bc-9b878fffea31","e8ed59f6-f426-49f4-b2a5-aaa9e8bd9f99.htseq.counts.gz","472d89fd2050f629a71eecaf97e0eb50",266469,"released"
"485b0ed5-d275-4a9c-adf0-a4ff4ef5eb94","d0311ed8-96b1-488c-98ff-e34b5c0ebe5a.htseq.counts.gz","c0c08ac6b83b9b1744488d2dd4844154",254848,"released"
"31433e7d-409f-4bed-9778-7d6069487350","f6ac0953-65cb-4237-be99-c652cdd707ec.htseq.counts.gz","4119410e3b7431d9271d2e8548be839b",262508,"released"
"8f1f3159-2ae7-4f24-a8d6-c86112dc5f8c","23a7aeab-c43b-47bd-8eac-e46fe8e0b31e.htseq.counts.gz","ca67c83472a60422a2470f6c13252a0d",263502,"released"
"51b2e8d6-34ad-4afc-be29-aae7e89ac98b","e95f5212-0ea1-44af-9b9c-fc51919d1692.htseq.counts.gz","819885c4b602a51f93140a0a057b9e86",264787,"released"
"e028929e-fdec-4f92-a7ec-1b2111147710","ced1ce50-d6eb-4e46-9ae7-868cebded849.htseq.counts.gz","a704ec74e794a9aa22eaa0678fe2d2ad",261439,"released"
"df3620d9-42b8-4f3a-9f3f-792bd76a8c48","6126a901-df10-4a7f-af79-03bed98f0dcc.htseq.counts.gz","a4bec79114e457f9afd4e3b7f406eae1",261384,"released"
"88465767-638d-436f-b706-919646852f0a","2145ebc8-5ed7-4a70-bf17-0198874e2ffe.htseq.counts","97836e9484d90717dabfeb9274769956",1272854,"released"
"465cda40-5705-4059-89b7-be7b3c736b3f","7c1a8c9e-0e38-4344-b79e-73aceb75489a.htseq.counts","0c4fbdcdc10b4ef31d9c7956a349af86",1277479,"released"
"d04be5e5-9c8e-46b2-9b7c-0de0b88bc2ea","13cdd61f-3aae-46cc-beae-af27862ab950.htseq.counts","57b281795909a3a3207e59c14b22b4c7",1274900,"released"
"22583de0-d275-48db-926f-fff6f8f7ceb5","1c60f740-95aa-4287-8329-96ec8f871ab2.htseq.counts","4f0fa0684af3a650cffe6679ddb6f503",1262846,"released"
"444f69bd-417c-4b36-b1e7-8ee33ce9ae42","8ed55a74-56b7-486a-86cb-87aecd0a84bf.htseq.counts","35e53ebf32e9803f856952a683732ca7",1270417,"released"
"24597e3e-3a92-4302-93e5-57b3821fbee8","3a318128-af26-4e70-a5b5-06ae5be107f3.htseq.counts","3332c33923b3d3fa7deec026dc7ba799",1272739,"released"
"285cd8bc-2ed3-43d0-a2ec-d880dda6a306","fa2e0b15-1ed1-462c-991f-2e279493dba1.htseq.counts","f3eef07da55250f1d2fd204b48dbdbc3",1270551,"released"
"59e4c575-324d-4697-9609-2619e8927972","3bd0d901-5f08-48c3-91b6-27acd103e6b6.htseq.counts","3ed388c61e6507735e49480ca695f26f",1264101,"released"
"eb2d1d01-590d-452c-b421-5df874762121","afa10943-b0b6-49f9-8706-6ee5da9c6454.htseq.counts","8328b9f69caa634489eb55035fff2451",1273996,"released"
"ec2d9440-bcf7-446a-a563-d2d4bb37e8a6","925151ab-0679-43a4-808f-2e4237cfd7fc.htseq.counts","ff8c83b9fff842b0a8599d94a6e0672d",1271922,"released"
"bfebe117-1fa5-40e9-9b4b-288300898a3b","773e8883-2d4c-4bbf-8176-f8acdfeb3368.htseq.counts","412e6ebcb4cc8f1bed56fc5db4cf4fe6",1270456,"released"
"219c79e7-be38-4f9a-a392-8f3697f65877","76263959-d77a-47d4-aed5-66ded04d0b9e.htseq.counts","dcd5bc503ae499ac06d4d840a721904e",1276218,"released"
"82a86f37-1b62-4485-9f86-1fa3a5e51f0b","8bd4f593-7cab-42f0-b604-044442bb661e.htseq.counts","73fd9b8e8bc0e4d5de58bd7b42324265",1273748,"released"
"a28a6ff2-6cca-493e-8f3c-8944ba924d93","ec70002f-5275-4abb-9054-c1e9b105fda3.htseq.counts","3f2ca3fd7ac60cd5fc834c35ecc5a681",1265632,"released"
"d6ebfd02-7d77-47db-86ab-ee26cc43018e","b9987cb1-394a-4ab3-96b9-e06bbcd6e31e.htseq.counts","83dae7779d7f0bcdc6edeab7901d7004",1272312,"released"
"da9a0171-aad6-418e-91fe-c8af7babca53","4a4870d5-d6ef-4edc-ada0-6183752b8b14.htseq.counts","199109550002d0acbc07eb3226cd2edc",1272845,"released"
"f07c4b11-c455-458a-a390-f14be4f805a4","7e182ed6-c8aa-4185-a6f5-d351a98b7608.htseq.counts","710bef77e41fe5036f0ffe1ed7746b90",1267553,"released"
"a229c849-c790-4b41-a4fb-7ec86c309411","d7fefb38-3c90-4b7d-9d9e-85e1ca18eb3f.htseq.counts","9e9408b37f0a4ed43c8a1cd40939a9ea",1272473,"released"
"89ccea22-f0f9-4601-b2c9-303bb83f6ae7","7029a8f0-0bbe-4db1-9254-2517c87adba6.htseq.counts","0c5e84db6470e91490a43a399a7a4268",1272697,"released"
"ea83302f-0446-4a7f-bf65-dc86265f6e74","f9c9806d-716e-405d-babf-1f2142b449df.htseq.counts","30ae7cbb74f9250a1cf9911e405e29db",1271248,"released"
"2e0e3d3b-4ebd-4ebd-9f12-41626fc263de","01c87dd9-4a5d-4cdd-844d-749394deda96.htseq.counts","d5e8cca3d87c9c3c3a05dba6c511bc5a",1266109,"released"
"cfa24f91-5cea-4a45-8a00-afbebaea462b","d8d30bd7-608d-4cbd-ba31-3f1fa6fefacf.htseq.counts","d86ccd5f9ed8f123c25a600b66ed7f43",1272287,"released"
"b7e1d1e4-44ea-4835-a79c-3403ee2497de","95b94a40-d6dc-4dba-9f35-f7b0e983bd40.htseq.counts","855a0fd4d015f1d8d2b0fc43a4c8d8d8",1271991,"released"
"43ec9f6b-fc9d-4d37-a6be-4bee07ff75b8","5f98aeeb-518c-4546-a252-ba7049de61bf.htseq.counts","62501deeb46f10b0e749f98a8943e0d7",1262877,"released"
"85665189-ad34-4fb2-9739-6afaa1c7292f","43aeaf6a-3f84-41d2-9cd7-a6ead15aa241.htseq.counts","1f4c6444a8856dfdd98903c718743969",1267462,"released"
"5ae10576-5bf7-41fb-a855-5feb3c7069c3","84f91861-c750-4bed-94b3-834a91018aba.htseq.counts","615f859e638db7b6c76d14ddb61dbb91",1263223,"released"
"4bdfc4e9-2a42-49af-975d-855601d25bd6","b62a4938-b6e7-4b5b-8033-9ae0d0893afd.htseq.counts","0a1a436679652c88e7be7d627faf2deb",1274937,"released"
"07488bb4-14b1-4433-9cca-4cfc37b16030","1a20922e-1093-4cbc-b466-a89c2f0e8487.htseq.counts","92d6270413a0b12767e417edac0b2760",1270033,"released"
"52dd0c75-8148-4684-86e2-9e13ff3702e8","753eb36e-4e92-49ed-b563-5e0b8635b30c.htseq.counts","39f8869216d65b6db82ee59cf8207e86",1272098,"released"
"b3470ead-f401-4c8c-a8cd-6fa0252931cb","8f70446e-c591-4ac1-bacb-64f78acf056f.htseq.counts","815c9d4c36bfe99ba16a35fcc9f2bb0b",1266590,"released"
"919e1444-8a49-477e-8bf7-ec708bbb086c","93e0959e-a846-4ee8-b05b-6db593e65a5b.htseq.counts.gz","6c260f4d814b107427fe080aad897b96",264453,"released"
"2f4dc560-1275-4c89-a43a-cdffc4f78596","a5ed6df2-a189-428d-a82b-497039e2259e.htseq.counts.gz","7c4928f9c6cff89efaf719ef52cd7cd1",263006,"released"
"36f055c4-207d-4d05-ad14-132997f66f3d","149c90b6-9e87-4b2c-bab5-cf44845fba1f.htseq.counts.gz","cc2d2d18c36deb28b3c039afe57aa53b",259854,"released"
"bde29d60-ddbf-4b0b-a524-6c51e253385a","eafd4e78-ac4a-4988-8c2b-0c186e049619.htseq.counts.gz","dd098251363f300f367c07f53a542f4c",263418,"released"
"a70fa6ad-5704-4783-9c16-c65d6ede58d6","5c438873-50a2-43bb-87aa-121d070bc56b.htseq.counts.gz","c569562e3450e11ae9bf695903ffed9b",259050,"released"
"437b7f6e-057d-4bb1-b586-216f6d55e17c","ce014140-cd5c-430f-bdde-68f67535bfa4.htseq.counts.gz","2e1d4b665295c2cd2f65d77da8422ed8",260600,"released"
"9140afa9-a1d8-4541-9a76-2117f5c04165","07788ace-541b-407f-9902-606875a76380.htseq.counts.gz","f9a9093a85842bdae00bf9f428c15082",260626,"released"
"24c50e97-ab2d-4bcb-ab8a-10aaf2c9ad89","8468a021-c8f7-4681-bd86-6ae2981462b6.htseq.counts.gz","42142c0f1b805dba539457519ddcfbd7",265562,"released"
"1f8b5164-09ce-4e40-9797-8b1c63686dbe","d8adf7d9-56ee-4b4e-9e66-0a3daee3c545.htseq.counts.gz","09f16b3acc5603f1f5ef85f7a0918f55",266543,"released"
"93b62a94-8fa8-4882-b307-7e3394906010","8770f2af-9b25-4ba9-bbaf-647d3fbcc384.htseq.counts.gz","ddc5cfb5b0bb880544ab76255dc9371f",258524,"released"
"1ec7bd19-bf48-4bc6-b7f8-b6ea6dac5ccb","03149f60-6f7d-4972-b49c-a99795391b08.htseq.counts.gz","dede3d75bd8e1c792bbc59168927e7ea",262533,"released"
"13041b22-a5b9-4b69-af23-f7432528dcb3","18f88c20-5c9d-4004-b377-55258b8a150b.htseq.counts.gz","f28649834d16dca40b08bb502d0e546b",261394,"released"
"0f88077d-099a-4ae4-b401-ee0f002047c3","32077861-4257-49a3-a5b7-e638a19d8e83.htseq.counts.gz","1c8f4630265c724cf33acf013aba3345",258760,"released"
"5377e060-5077-4185-9f7f-c7a14ed7dbac","3ce04075-5a8c-43eb-ae81-022035f2e9ce.htseq.counts.gz","41da8bdec5b25ae9b8a04d0225633b4b",262895,"released"
"23a77057-a0a6-4dad-9c8d-0ca9a6928a05","7b3dd020-c89e-43e3-a836-d08f203edbb2.htseq.counts.gz","923032b52e7efe79e98447de1b5f705a",260978,"released"
"0f2f49f9-50c8-4825-ad15-3be9493df861","f5b2362d-3a41-4001-a6b7-8aa9664e8503.htseq.counts.gz","6c6a36a52347d0a4af7cdad6ea99045e",263912,"released"
"6e701667-4b02-4117-b659-58b39ab5b234","374355e6-6b1c-4bdb-9593-31c88e179f82.htseq.counts.gz","47f4522fa2e5c74ab9fe0257f4d9e8ef",269035,"released"
"91b3fda7-acc0-4f58-8685-09d770680ddd","f30b6783-52ab-4d75-be77-01da6518d381.htseq.counts.gz","5cf3a850cde376f00b6f3ca39e65a23c",259764,"released"
"ffe92dd3-28a9-429a-8fb8-868e3d8db196","3bcd4a52-cfd9-4044-a07b-1c04c7653a3b.htseq.counts.gz","9917ded21af93d445a9ef5638b8d6e7c",265785,"released"
"1a225f23-384a-4197-9e02-b35ebc187f14","b1893955-2d73-4d1f-967a-22664fbd494b.htseq.counts","67a076587a5df2a64aca839f08e0ed0d",1274169,"released"
"aef553f5-0c79-434d-a0ea-f3a3f903471f","ea7294a2-0b3b-41a8-82db-5988039ee9fc.htseq.counts","f731d498d2ea6f49f59568c7178434b6",1277881,"released"
"6c7aeb93-94e0-433d-b108-e3b7e3897613","4116d3d5-c025-4e2f-a675-cfb71c8351ed.htseq.counts","eae50c9bc6e31554dcb278ea4aecffcc",1264976,"released"
"297aa29f-b08a-4e40-978b-2c2e7c378b01","887df144-5092-434f-bb48-cc0ab0ab77ec.htseq.counts","bd73fde53141ea0cea17e1444ab21c3c",1275932,"released"
"56d0bcdf-03a7-4927-ab0b-e6557bdaefe7","640a9338-f476-4c71-a6a0-52d8f618f6dc.htseq.counts","c4548a5e345ba40c690b4967a7f5c3c8",1272439,"released"
"297f42e7-e602-4104-b28a-bd2cd44787ca","692a3229-af33-4136-bc6e-a4b22f016cde.htseq.counts","7c8c1ae8b05b87313878e9cf8c5ab5a7",1274198,"released"
"0881241f-af6f-4fe3-919c-0c8809e9c467","17ff18b9-9c97-45d4-9b8f-63f00f9afe6b.htseq.counts","206452d3a7b7a72819ddc6b63ee3f0ea",1270452,"released"
"8572fe7d-e4a5-4fe3-8632-c5c5846aa804","2546775a-bcc8-4983-ae23-f03491e3a27d.htseq.counts","b7693862ebd5aaa3b231310ce274a621",1271596,"released"
"89cf8fe3-fc5c-43d3-b956-856aa62d5a38","3f7b7f18-4219-40d6-b721-d73aa934f6f7.htseq.counts","fa6b100463f10ed5fa6eb71265d71c8d",1272329,"released"
"14a23ade-233d-4d17-9511-ce86c412144d","5f27bcfe-5da2-4d45-ae08-1dd7612610e9.htseq.counts","92a282afbc6d0527ac97732c69024e99",1265433,"released"
"b1cc1842-e490-4706-a79e-62cf429923cd","6508e923-51d3-41a3-9fe4-dbe7a7fe7139.htseq.counts","f0aa165a1ac43071fbb2e76ef0df25f1",1276333,"released"
"eb02c79a-5561-45c2-a962-f89bf5951efd","26c392ed-b4ff-49d5-a2c2-8979a7563b96.htseq.counts","7e49c8bb8b031d266cc178f4f538ade2",1272477,"released"
"d1aa6e66-70dd-4f7c-aacc-e2e7d4709693","f510617c-68c6-4c99-b50b-589242906d1b.htseq.counts","56631507fd879f0e88ca05f21ab42d8e",1272505,"released"
"3eb73d0f-3b8f-474d-9fa7-42d18e5ce6cf","8fe7274c-9053-40a1-8b2d-7e125195a28d.htseq.counts","29e7aedec6934d07072cdd257222393e",1266428,"released"
"c7773978-db08-43a1-a099-4960602be5b0","d3b3a2f3-d18f-494f-92b7-db15a14ccec4.htseq.counts","9822d61ebf343b982bc5376e56d8fa50",1262126,"released"
"2c05f88c-4c27-48aa-b03b-58a50b081c8c","25f23554-b21d-4967-8b7b-040a200b5651.htseq.counts","1baad43a90afbad726593e26ee6ad3b7",1276778,"released"
"799d8654-63f1-4b14-aab0-45276e23e42c","4803fc06-e2de-44aa-b76e-f8fe9308c18d.htseq.counts","c57795ebcc8f65ab0f43e45724b59cee",1273919,"released"
"4c63a4aa-d246-44ce-afa8-27d5e20866e1","d9a69f61-4a4e-4eb3-90f5-e486c646e006.htseq.counts","590aab8196ab7f57c2fbeb43d4ac2759",1273195,"released"
"18ab45e5-0746-4e69-b21c-32cddb1c27b5","d12b7288-10b2-41fc-b5c0-b6227d5b92af.htseq.counts","c498fe6f1c8242051d32b9d1d17ac72c",1270276,"released"
"b2fc14b6-a281-4eb6-8186-82113f60c720","86234da9-2f20-47a3-a2b6-44800328bdcf.htseq.counts","a825a2c4c178748dbab2ac3995842ec4",1267772,"released"
"c53ea4b1-9b4c-4389-a396-62cb3de213c8","32616b41-5681-4f62-ac75-b40f935c9c7b.htseq.counts","283a78d74adb6bfe514a92fce97f9e20",1271338,"released"
"320e8c00-5bdb-44f6-a6a0-aedaf7923f46","230d1eae-b3b6-4db5-9fc0-7446ee92b717.htseq.counts","52b94e99c904a5e033ecf4c73500038a",1270517,"released"
"550c1073-ecca-47d2-8f81-a9c2764e7a29","c53d0865-4412-44e8-8c5d-798d7866e32c.htseq.counts.gz","8f2ed153c432812d8ff3cc990a673f23",256439,"released"
"299645bd-17da-43c6-b6a2-6215fb217776","698a8d7c-ed3e-46df-9acc-6369a043e131.htseq.counts.gz","c4992305dd0dccbd3a40ef56b360d50e",254790,"released"
"53c4a11c-ff9a-4a37-9fca-68cc0a0d6253","7626ec51-f318-4c8c-ad02-df05c7e3cc4e.htseq.counts.gz","8154ebc9df732af1a37538e269362c85",257259,"released"
"e4073fca-8df3-4c73-993b-678d9b9e630a","6cd7772b-bed8-4535-b8f9-911448b23179.htseq.counts.gz","0a2c950f7edcd2405edb47a7b8b1365b",260473,"released"
"b1029dc7-d57d-4cb1-b4ee-00f841376230","34ee4b10-23bd-473a-a000-c800e6fa06f2.htseq.counts.gz","5453e9b9635cd3d5e051fccdf16df99a",248328,"released"
"7ef7ecc2-411b-4e78-9a2b-4af23753d5db","2bfda3df-9279-4f72-a5e7-afa670e4635e.htseq.counts.gz","8f6bbb0a6b5bb7209d920413284d601a",254426,"released"
"1d5c7704-2995-482a-b3ce-3b6213addd91","ea790d46-f0e6-427c-a46a-6fce94fdf3a9.htseq.counts.gz","cb7d965bf390620a1c6a05496dbf9401",255170,"released"
"2a6e70b5-d62c-428d-81ba-d49739095315","a8a43db5-2fd8-480c-93fa-dc009791cc5c.htseq.counts.gz","a50db85620dbc869fb5af0bd777662f6",252771,"released"
"e3257095-128f-44d0-accd-ce1cdae07ceb","770afd37-9478-416e-874d-3f26bbcd4d41.htseq.counts.gz","8f311b7354a525629e93bd13f06c3f72",257995,"released"
"06fd8556-bb86-4eca-8f05-96bcbf17c6a4","85af9d93-a95f-4b21-8c18-8e6f2fac6145.htseq.counts.gz","03789925f71beaf21f3a085396793c0d",246708,"released"
"b12c1ce4-15f6-4a41-9904-8a0c3744565f","803b62d3-440c-4695-a67c-e32800810eae.htseq.counts.gz","57ff9da590da9f45f1dcb721978f5369",259314,"released"
"6fb194d6-ede2-496c-a2dd-e2f320e6fe2f","70ec3501-6b5e-4233-8939-441ec1bfc600.htseq.counts.gz","f3b112cece19d0607f5dac21551fe3e0",252452,"released"
"35884e35-6ac2-45a9-bb93-36534e951f1d","ea0ae9a6-50c2-4a20-b6d5-bfb46ed518f7.htseq.counts.gz","0a89ef04cd12434fd34be76cdb623651",261159,"released"
"b91c9d4a-87ba-4055-8af1-e65c4684f288","7a23fe15-8c58-4f21-a834-461aab30539b.htseq.counts.gz","d8f9e8cd9169a4d9a76aad9b647aaa25",262517,"released"
"99b2d83d-3e88-453b-bc5a-def768836a42","0af2195b-a714-4cae-8158-45a86c73f91b.htseq.counts.gz","24f4f828aa03f4c4a33e8cc477ce80ee",233041,"released"
"e1282531-0f2e-4ba3-97e6-1d164d55ba07","54fce989-7127-4f6d-86eb-a4b04c60e7d8.htseq.counts.gz","35bded9338f086fbe09f787278188dd5",256051,"released"
"b4bc3e82-3bea-4758-924a-abb188168d2d","3919d1b2-cb4e-4677-8e14-3af4eef8173d.htseq.counts.gz","01f929bd9a7eb7a3ddc16810f295184c",260113,"released"
"0a049315-1e87-4dd6-9644-2353f9dc178a","070b0a89-e99a-4140-894f-f61d6ba7cdb8.htseq.counts.gz","e7d0e98c68d9532ebb06409e5f081cf8",261492,"released"
"042d6156-101d-4486-bb74-19d85a0a0e20","bb6a1c98-1b85-4ec4-bc35-ab71acb5e807.htseq.counts.gz","c731dbf47483faef7b26443a990e949e",261775,"released"
"232033c2-78fe-4cf5-bdeb-d3e13a61bc7f","45fe3f05-ef7d-4e27-bcda-e7368e8b5e50.htseq.counts.gz","85d9c29f8a4792d236fe22c33e216a3d",259069,"released"
"9b07e3e2-92f5-453a-bac6-a37bd3a31521","bf684d1c-3583-4380-8267-de34e402ad7b.htseq.counts.gz","8fb39e97048f29153686750baa1d0a34",261651,"released"
"c6531605-f39b-4483-9a68-a3a2e55fe720","9be341b6-cff3-4203-b26f-52c4a9995ff7.htseq.counts.gz","d631295bc63ebc785b5c5de26972c8ff",257696,"released"
"2a70fb43-7396-432a-9f98-c17f079e87fe","474d6dd6-14c4-4e3a-b2fb-f56248f25925.htseq.counts.gz","372e620ab92a83d3c82e712935e8cf47",256918,"released"
"4869f33b-2ff6-4346-b1d7-482667ad832b","bf28e693-6b4a-4577-a8c8-88d073015bb6.htseq.counts.gz","014c78f327c0fddddcf7ee6472691663",263218,"released"
"a92e22ae-5089-4219-9f10-23e2b4ed2b89","4a2ace7c-1ac4-42ce-b5ff-f0ecac7d26ab.htseq.counts.gz","f6dfaa8c6a4dedfe88a5c8c6667d2995",252246,"released"
"934f75b2-2202-4c91-b871-32bd1200881c","e21dce4f-7e4e-44e7-8e38-4353d59125e6.htseq.counts","491f14f01bc1282880d56fdb4a5de21b",1269848,"released"
"0a21b137-a1dc-4f9f-a4fb-55e0800d7298","733557c7-a67c-4e2e-92cc-a9b29d4eca3f.htseq.counts","e386ad55e527416398c992ce15ef734e",1268794,"released"
"2f9ba82e-7d19-49ed-a52c-266628aa834f","301b4e88-545d-4c7e-9422-7faa968942fd.htseq.counts","a859e5741ea8c61bbb6a1f82a69f6929",1273709,"released"
"e0ae7fad-cf09-4fbc-be8c-6f66ded89d31","4aae239e-9b2e-4a89-af99-ae4f3cbe1fff.htseq.counts","d8ca804502931daa3eed89a0e702dc9f",1263281,"released"
"1b76d0b5-21ba-47fb-a9f5-6f5179e3d2af","bfa13bce-0369-4315-8c94-903b898dbcaf.htseq.counts","65e2a33da17c132f7a751cc1c4f37dd8",1275034,"released"
"ed12aeb6-8db1-4623-83ea-754d18bce6cd","ec63aa87-9456-416b-9f74-a2b25e80b2c2.htseq.counts","8fbb0c6373d6bf0f03c2e5998a965b3c",1273052,"released"
"354e436f-3ded-4b2e-abc3-d85d7801d45e","4638324b-b8e5-4545-8b7b-e8d7d7fdd138.htseq.counts","e674cc3b442a7bb5ac5edc8873f337d6",1269745,"released"
"c826b814-031e-416c-a7c6-5aefba1c0170","ac395ca9-205e-45fd-89c1-d7676306e624.htseq.counts","d7422875c11d08ae5ec0e0b8bba8ef0a",1275481,"released"
"5a046111-c6fe-4d09-a6d3-66d4d99410d3","c2be6c07-fb29-4f17-8c3a-6327f4ec3235.htseq.counts","93e0f49b2ca989af71101354e9605595",1273270,"released"
"58b77763-b435-47be-ad7e-355f45d04715","50119046-638a-4f2f-adc1-4bf247217aa8.htseq.counts.gz","78c80cc35163980a31ecefc5664d7e05",263320,"released"
"bf52072c-0cc2-4da0-a8d1-3520021e5f01","225cc2de-40fd-4245-a96e-daa03931009d.htseq.counts.gz","9236e192ba73d3c9e2066005c3af7e0b",260573,"released"
"e1ae341a-a5cf-46a1-9b6d-8264281afeac","ff329909-0861-4e66-8ba6-03bf68330fae.htseq.counts.gz","6d470fc265a5a848ae0322bdc4c81cfb",260916,"released"
"47a55228-2521-4598-a0e0-f6e36649cf1b","33e78a8d-8d8d-4887-a046-162179f8e4b7.htseq.counts.gz","f08dab16cee034b90b85f0ea9b93f654",259739,"released"
"6fb14fdd-8ef9-45b7-877a-193dfe6e1877","e4709de1-9556-4420-9aea-759366ee5cd5.htseq.counts.gz","1b374b9f9a0ab1066715476a33b2fe23",261681,"released"
"d4f66257-e853-48f8-90ed-c539fe959af7","81df14d6-c7aa-44ca-a6b5-29373563afa7.htseq.counts.gz","f2dc154be8c72010076b2e16ce97bef9",264285,"released"
"6f06b6f2-16ae-46ee-99c3-d89dac619628","4bb8979d-571f-4890-b1f8-57f9decc429f.htseq.counts.gz","b553423c3581cf5195088d528f65cdc8",260258,"released"
"80c9692b-df1d-4f23-95d4-eaa2678fd361","2f67d983-31f8-4c38-bf11-6cffae8ac759.htseq.counts.gz","8de822044c2944242f43d9ac958c3968",259558,"released"
"544b2e7f-3839-4757-b7bc-83a23ed81c9b","705092ce-d8bb-417f-9164-c05c3987ffc2.htseq.counts.gz","59bf3635b7b4778c926c4736424c1eee",267717,"released"
"545aa704-8d29-4f13-a66d-63b7dc6045c9","02430e23-db23-4f47-96dc-536bf3077968.htseq.counts.gz","e1448e46cf6631ed642ebaac22900e8f",263164,"released"
"3f34422d-fc73-48fa-ba76-1469de795274","2f9947cd-3b85-42f1-8c02-80511fc3f745.htseq.counts.gz","4d07f755473704ca14acfffd58b71085",257761,"released"
"725c42a7-56f9-4292-bff3-c668f8210e7c","0f0b9f59-eeab-47a2-9aa5-642d06963fe4.htseq.counts.gz","6d0899f76135d6a47a819337fcf2750a",261271,"released"
"ed747200-5c10-448a-b040-1f0f999b4b41","e96c79eb-d26e-4e13-bef7-146dfcac2be8.htseq.counts.gz","a2134183e042733de20b4672ab09698b",261303,"released"
"ab5721ea-da0e-4c0c-a1e2-658ece6d598a","b84940eb-7f19-44a7-93e8-8fdddc668ea3.htseq.counts.gz","121f3d4635be0dfec4120f6ceb43f937",262343,"released"
"2be81aba-7dfb-4b53-beaa-264572c745da","c245829e-e780-4f8b-a0d0-f2cebbc521c0.htseq.counts.gz","fe9f637c5fe3c376906818759ffbe663",260707,"released"
"0ae90ebc-d664-481d-8b51-9eb4f682c7a4","65107cdf-db1f-4cf1-9170-326e3fd70ae4.htseq.counts.gz","aa3b89747df3dc1072d3282a6aeca306",258015,"released"
"6ffacd87-f3ea-4306-9f9b-3ff5381c38cb","a4e8501a-254e-424d-9dd1-c499076e610a.htseq.counts.gz","9058c483ea002b22e6fbd5422d296c5a",257998,"released"
"2826cef6-4cd5-40a4-984d-17bfdfde1e00","3297a7c0-45ff-4281-a1ab-a5e0db97b810.htseq.counts.gz","e1ccd68d08ef46b474218802c7d41abb",259245,"released"
"684c36f4-1782-47dc-b7f0-fa56a086b14f","d57523f8-07a4-40d0-b0d9-74ebc101344c.htseq.counts.gz","2f9690e861950a3a7e394c1f810ae176",257653,"released"
"9f6a115e-e44e-4177-92f7-267f93e3a081","1e2a53b1-f8cd-476c-aeb0-74550c99208c.htseq.counts.gz","f6e71c5791231d6471bb47fbbaa4fb2e",267182,"released"
"4720f336-1ceb-4fe5-8d8d-99d4a2fffbc6","1ca32cce-b666-4d7b-8c07-716deb3c650a.htseq.counts.gz","12de326a1b6a54ed93698963d3435e6a",261730,"released"
"8081abb6-7f0d-4471-af15-8a8fa4b1f525","693868f7-1d07-4c26-8c78-e19c02765245.htseq.counts.gz","084eb055c13ea788265492b3e41bccd3",265346,"released"
"88b7a9c5-8a2a-49e5-8e07-eb24ccb2371c","c5c1a357-bf9a-4588-bb67-55bef4abc513.htseq.counts.gz","6ea9d3b02f2d52614566efc8093add98",258802,"released"
"fc4cde0d-a908-41ff-aafc-a3f837bbd5a1","969472c4-f5e0-4e37-8d5c-22ef54e674f5.htseq.counts.gz","b2dd00de10988c36c8ea31f764a6d9cf",258929,"released"
"ab0bd02f-530d-4286-9635-3cd5ab2eaa12","7569737d-8991-43f2-ba55-80b822282224.htseq.counts.gz","4639379ddcb8dcb63291ad9598fbbd89",262289,"released"
"ea8d4aa2-5eb9-48d2-b006-b2adb609d26d","b849c57b-d168-4662-a15e-191e6dad00dd.htseq.counts.gz","0847cf692b26c3d4e2ae5af3572f91da",261806,"released"
"16aea2e5-b0a5-4e58-bbe9-69d981aa038e","7db5fe09-9cf9-4a33-8499-328f1ed3f2ab.htseq.counts.gz","fb02fd687ded89bc242181b0583410e8",268718,"released"
"8711c76e-3f23-460e-82ea-531ec8666be1","e0113a4d-8c58-4b19-ad3e-479191788314.htseq.counts.gz","2aaba66219ff0ec4abda4d43db1b8719",265930,"released"
"020bdf4e-dd0f-42da-86ee-c9eafe3dc206","fd204ac2-85bd-4145-ad5f-0ad9258b0d47.htseq.counts.gz","137351cf89ed1a27580627076546b56a",266500,"released"
"e5e0c48c-71e4-4741-a868-f5a789bf0ed0","d402bae9-5889-4f25-98b3-d3dc51edff94.htseq.counts.gz","889accb85579713f707a11d8f06c503a",264063,"released"
"e9407f9c-7a24-41ea-a377-3b10aa5d313c","9e15a24b-66d2-43eb-bb68-94cced2872ee.htseq.counts.gz","a58324ad8dbcd493c1ea9a6afc5ccc6d",259742,"released"
"3bf99743-44f5-43ce-86e4-0d7551d6b140","17d37233-9afe-4222-a268-c4367cfbda67.htseq.counts.gz","684ee26e61a56c4131f3f64151e7abeb",246713,"released"
"140e9cd2-aed7-475f-87ae-4d1eca5e6ad6","26fd96a8-717f-4515-82d7-2e815c421dc5.htseq.counts.gz","d7171f28e70fc2d631c818efa05dc3a2",259811,"released"
"0a87a737-1d67-4847-adc3-f84dbc6f4431","50015277-acb7-47a4-a4fd-d87decabdcce.htseq.counts.gz","089f5822139172c86c9a6afeb3c87aa0",256022,"released"
"9ad8231f-467e-4aac-9e15-505937f2253f","e5a9a600-26dc-4f52-bdc0-022ad74101f9.htseq.counts.gz","1e0f40276d99f387da30c87bab1f7d13",254179,"released"
"614bd09b-90f2-400d-94f8-8e9e78a8a553","1dd30549-9354-4429-be8d-fe6ca6ccfd69.htseq.counts.gz","33e39149560fc9ceb50968af00b582ce",253826,"released"
"0c298dcb-fdba-4b3c-a3fc-d50177603387","6e992c9b-1a16-475f-be24-04da7f9d351e.htseq.counts.gz","34688ab8ba51752c1487b0fa9a5ce077",249753,"released"
"55cc928d-fce3-4e8f-a955-58df162052ad","50b79e4d-0e67-4d79-914f-924e0ea920d9.htseq.counts.gz","f3bb10e0147c7af79a7f5ec7b6b807fe",252774,"released"
"4657287d-dc12-4382-b4ce-4665e0f7ebcd","681c0c40-d376-41d4-ac3d-4fd5957e70c4.htseq.counts.gz","007c6e18d1124dc1a44ba3c5555d858c",245054,"released"
"4ce5fd49-d1e6-42ee-b128-36c7c8fef322","06a9c4ce-55a4-4dd7-967c-d72e8da7a89c.htseq.counts.gz","f11ed80ac644afc7aa30bedf7d3751f2",252659,"released"
"0c2d64e7-45d5-420a-83e3-b76d1b6fd052","3ea58509-b7bb-479f-ba78-cf711980f1e3.htseq.counts.gz","b7354879d8162b73c931eb052203cb68",248820,"released"
"37921b31-ddbe-4a1d-999f-d2978783f4c6","3b1f180a-cdfb-42b5-bafc-2fdc760b6460.htseq.counts.gz","9ed4a777904fbd2fb0faaa5f68a81b81",254056,"released"
"08623f96-fd18-46f2-91f2-d54635f250c6","c602c2e1-5053-4414-a461-8ed84f88f41d.htseq.counts.gz","016a7b6376b0fc1157027dbba92a4614",261601,"released"
"f3c080c9-b323-4738-ba89-4032c06ae135","377eddaa-e0c5-4448-86cb-0d35735a6daf.htseq.counts.gz","aceb7ea78562f860c42ce417bd439123",254920,"released"
"7680d3f9-327c-41b3-87ee-87975d05d5c4","bb8ccd64-756b-4373-8d48-18ff6ae1b8ff.htseq.counts.gz","ac0873be0aa00617af4adcf04875a99b",260617,"released"
"5a4e5571-d4a2-4e0b-8d03-32806d8ceb60","9ba1323b-738c-461c-a41c-1a2d5d2a65db.htseq.counts.gz","0e777df3caf30186e02d4cd477a4f510",255968,"released"
"e62a6d69-90e8-43ee-9245-e61157575f47","6b57be91-5813-4522-9fd2-dae0e0c616e3.htseq.counts.gz","b3f438ab15269218395821b4ca704c11",261470,"released"
"5792ad07-ae81-435d-a46c-c5f64fdf86fa","f5b7df2d-6f28-4d84-b6d7-2112c4ce1412.htseq.counts.gz","c910fb1f4aff4a2105e055998d3b04cd",259179,"released"
"4219aebd-4eae-4cf0-bf87-96698a590060","9d07216b-ede1-4c55-9ead-5568e22f1337.htseq.counts.gz","516b2911db8fa8c07e1f5fb004463e37",255999,"released"
"c7d5265b-bf13-4966-b023-caab7e379a18","6bca90c4-ee05-4cac-89d6-009c8cc5fa37.htseq.counts.gz","4ed40d80f6c24c3e0826da0247a08678",257838,"released"
"61822040-c477-4854-8fcd-9f6715667d7a","e6bb1330-c761-43a5-9d17-16da727232f1.htseq.counts.gz","7733ef04102abfeffbfdbd4dc2c8318e",251166,"released"
"e39c77d6-01cc-4d64-95af-4fdd96de2852","4f1dd0bf-af3c-4a90-a9a1-b5423a2da403.htseq.counts.gz","9ee00d3d55f8e291d40fa6564fb62715",256228,"released"
"c171602b-e813-432a-b749-4df81d2c0172","3a3fc3ce-0cd9-41a9-a568-7bf1f644a4d5.htseq.counts.gz","2320c1e1ecf85617bedfdee996b60586",251764,"released"
"76d82cd8-bd4d-44d6-9075-7f2df9df27a4","e997c959-4683-44c7-8885-5b6e472bfb7b.htseq.counts.gz","913e2c9be1cda585ca2d65471d2afec6",254734,"released"
"63197226-aa61-44b1-9e94-f0ab8368a7a9","3e0d7f63-425e-4f4e-97a7-ac6bc1ee010c.htseq.counts.gz","57bdee772d8e3fdac9f3df0382618dad",252466,"released"
"43d4405a-aadc-4aa7-85a2-26a635effa10","a9fd9d1c-348f-41a9-9da2-a72981ef1ae5.htseq.counts.gz","2337558ad783876f2757339ff64debec",255003,"released"
"5d7e00ae-d9bd-4525-8a81-3d1a9a1b8ba7","48989cec-1e35-4065-b9cf-f765bc300d3a.htseq.counts.gz","812de5531445b8679bdf4c723d8e8b63",253392,"released"
"e3372d29-44e9-46a1-a601-52e86cda99ca","f0b274aa-7a53-428f-bd60-66802a91a9fa.htseq.counts.gz","e45d11abe19be2b9bd9fc5682b83fcb6",250073,"released"
"dacf3450-bb60-43ff-8862-561dc8dabdf3","f4b00b04-6341-4dbb-9dc3-102335d7b102.htseq.counts.gz","0ea54996d827ed975a99902c4b1acd19",237920,"released"
"090330b6-5568-45b5-bd4d-3d4b3b8d846c","ca57d990-f70a-4506-ae83-4e0a9b46a02d.htseq.counts.gz","d44eceff2bf522054905d30c252ac54e",263253,"released"
"6e4a47c0-6965-4722-9067-38c6c5116e79","6c0e0751-cd0d-4ac5-b4e6-09246b791ef6.htseq.counts.gz","f83dc3901d1a4af2159a39a99dfdec38",260970,"released"
"d80e1dc0-cbbf-4129-8d34-8d063db38e48","c8039c02-8758-41b9-8a17-d843d8f62be1.htseq.counts.gz","71031f7a7173eebfa0cb468b24ce1607",261201,"released"
"f3f18b42-1235-48d6-a2f5-4924d2272443","1c66c47f-0347-43e0-af54-71e24a8c9cab.htseq.counts.gz","99bdc6d8bd3477bc162d030d6bed5c03",260873,"released"
"86d4fa41-b87b-4bf0-88a8-db6cbd72970b","1968c376-3ebb-40b0-8c88-88f5a4062807.htseq.counts.gz","ceef1e233d3214e375c29391358e3bdb",261332,"released"
"3ba835d7-414a-470a-a83d-4bd870da72e7","2f6f61ff-8881-4f03-8b8e-d6d9cc00f1c7.htseq.counts.gz","7609a6fa62e344918c42920fb6e7c59a",259671,"released"
"ed2656ee-852f-4d05-aa80-cff7bcf5dcb8","65beade8-879a-41f6-a731-8fe934be4a93.htseq.counts.gz","ea083af6099f8b5641bdf40a553e4f52",261299,"released"
"a6495aaa-177f-4235-8d8d-f06e70010b41","406e17af-9d41-4234-add6-6b6ef79e5e51.htseq.counts.gz","c17be541fb98be90977ad34a33740986",258054,"released"
"da7f7362-4cd5-47a2-aefa-33277d06faf9","0998d5cf-ae2f-4e3e-a5ad-f4f15c77c0f1.htseq.counts.gz","060335588775f3107b63afbec2828b96",264104,"released"
"c3f03765-c812-49c6-a858-f934193d9f70","f1dcd148-bd99-4eba-a5a2-0e51e8b22414.htseq.counts.gz","8925c61b26045f14e0e94be035df9099",263782,"released"
"a8ad0094-9fe2-4c5a-a732-69ad2304a4e2","5978ee3a-f13f-4368-9df0-1f839aa1942c.htseq.counts.gz","ce768e3206c25db5c995d676326f12e4",259671,"released"
"b64cc5a9-5bb4-467c-afaa-c619ac245bcd","4c0f5f48-a738-4c15-8515-fa5a1de9a753.htseq.counts.gz","bfd3f9f04f486e1867936824e514c2c9",261999,"released"
"aa70c2e8-033d-4e30-90da-d7e058dc7d72","6cfe4458-1396-4646-bce7-e2bfbcdb6b86.htseq.counts.gz","650b4b1317771d5c30c13c075e9a86f5",263334,"released"
"a25fc554-ed11-4d7f-abf5-2c8335cf57a0","fe565704-0d3a-4aea-abae-3328498cdfde.htseq.counts.gz","114f653df443015cdf60fa00befc9a18",265662,"released"
"4046aa46-68fa-496e-bbe9-808d29429224","23009747-4f66-48fe-958c-590387285cda.htseq.counts.gz","01c496a8ef148f842b87388398de8236",262334,"released"
"8619d3bc-a878-4b43-a0ab-173f7b64e383","dd1c5325-930a-48f4-8e9b-eca99b9d36c7.htseq.counts.gz","f9537cd3f8251fc627b633f9459f98fa",257952,"released"
"5ff94af6-dffe-4635-a79f-db3d69cfe227","d1b4168a-1cdf-48c4-b5b6-6084f689e703.htseq.counts.gz","aef0fbd6d274dd167bc49eda668e9bdd",265584,"released"
"8f3b19d6-f7b4-47b6-ab1d-3fea2e4b735c","5852dc4e-6845-4968-8c96-990de0579446.htseq.counts.gz","291229b17d3e21197da94718827e3c9f",262689,"released"
"ebd44e5a-86aa-4757-894b-2696bc303f8f","aec58ea9-d9e2-46ad-93e9-231ea3e2a902.htseq.counts.gz","c8c3ff7f9680b99ec1670e311ca28a4e",261639,"released"
"c31e2a89-2e9f-45dc-bb3c-7da78c6407d1","2b15a3bb-27a1-4ce0-bbbd-471e699916d2.htseq.counts.gz","672cdd215126e388b4d840e879fe3603",262546,"released"
"c3a1c87a-db53-420b-803a-b0b998d44ab7","1117b175-ca50-4f18-b29c-80ddf08130ae.htseq.counts.gz","32cf322e9a14ccb2eaf13b7069a9c00a",257912,"released"
"f7326f61-b0ce-4eef-ab96-d4e66d8d3aab","783ce600-0eb9-49e6-802b-b345b8268777.htseq.counts.gz","49f392f7b24110f73630c99ad9e8ac13",258779,"released"
"5e6b775f-ea20-460a-8bd8-c9debd604ab7","c006e7ee-b998-4a25-9bba-0fdf8c778975.htseq.counts.gz","bbc84f2e655237b61ce98815a58b1039",265548,"released"
"be2e81fb-8b9d-4bda-b4de-15b9df9ffbef","9df25fe5-9aa3-4097-ad77-dd0139716b59.htseq.counts","8ffea4f867808cdb4d80474333bc84d0",1277688,"released"
"d78df3a7-ef1a-4909-942d-89f7c8b09f1e","7a0143ee-946a-44e6-bccb-1c3a3fda90b6.htseq.counts.gz","65aac6ef75ba61cda7f7a0baec625c48",248005,"released"
"f50fbbca-3c52-448a-9f64-60b043561089","954446f3-2e83-4092-ba80-0457284e496c.htseq.counts.gz","6e04244ab5430ce62b33828a1f2f723d",257650,"released"
"bc26fe0f-48ad-43e7-8e6c-2fe928def4eb","b5514b40-5b8b-4faf-a202-49438c386032.htseq.counts.gz","4237ce3b5397c1f8f6a9900ea334a9d9",245270,"released"
"4cb805b4-21fe-4082-85b3-c68e4fb9a3a7","81cc4c97-7c6d-4af6-a482-d5882694e787.htseq.counts.gz","201f69eaf4b1e02faea80fb79530dcd5",254184,"released"
"dde3e509-df8a-4348-bd36-5786e31bc9c8","3cfb82cd-7694-465e-bb25-a29c63e879a2.htseq.counts.gz","f5a779bd0f17b1c79c674fdeb18bbf3a",256121,"released"
"a2490ed3-cecd-45d7-b8d8-d9cd62d18807","efcaa7e4-d88e-4791-a6a1-1d96e3e6f065.htseq.counts.gz","ba18de1b9afbc7312ef270f3e52f24d5",257846,"released"
"505ef3df-020d-4c75-9f71-ec284d325e05","de309a29-92f1-4f73-928d-f286360251c7.htseq.counts.gz","963e7d5245fb645fba64f070dfcd19aa",249765,"released"
"c97416d0-d1d7-4a1b-9e9f-143d65d76050","59c25cb7-7588-4a63-8f33-582a346fd403.htseq.counts.gz","3c487b7e8c22761c76ef123933e7575e",257442,"released"
"82d1603d-15f9-40b2-85ce-20368b2c26f0","c4255855-0598-4425-af32-2d2d52c21f22.htseq.counts.gz","99e8a87eb87c2876df56d58c0a6cf2a3",251580,"released"
"9ec81840-ea4a-4354-830b-9359318edb8f","878b9a4b-d62b-49e9-924a-8bfcf27e5ec6.htseq.counts.gz","4ff6253a9ae3e0416d679a7ca5a7b9be",251130,"released"
"86ff18a0-1912-4209-b13a-32e38fca3fd7","f1de454c-e30d-461c-91cf-9761c4bc857e.htseq.counts.gz","247fd0d23bc1983ee99c0defbe19581f",258251,"released"
"b179e66f-f938-4137-a832-d7504d3eeecb","a405cab4-28d0-4cf3-b3c0-2007539002f3.htseq.counts.gz","69ae5ddc5089fab2bc1c261d3c90d623",256159,"released"
"2fee2647-1d3e-4183-9f00-4ee68f25805a","89721483-3a16-4ba5-a5f6-98eff5dd9b71.htseq.counts.gz","5efbd657a77e3513f0bb66bc43689522",255400,"released"
"1ef3c255-e94a-4ed4-86b0-a55661a9a884","8c78ab0d-7e08-4518-94d3-dca147c8bb97.htseq.counts","ae392455cae62a2dd2967687d30bb77d",1274640,"released"
"ae19ed2b-5f5f-4656-877d-915209fb3edf","6d783035-7375-4d76-8f27-415a1e42d37e.htseq.counts","729cab170ca00d9d81279db191303227",1272139,"released"
"9b7a55c1-c8ca-46cd-a221-63b951aa01d8","8ec5dd32-aab9-4c78-a5c2-dc9e0d55af65.htseq.counts","f01af884d6a9fee5873ea15ada0ef6d9",1269087,"released"
"53fa7d62-cc67-4952-8b88-6263556bdcbc","8f97235c-f3b2-4757-b3c8-24701e5348c7.htseq.counts","53aa2312538bba301c3ffd53ed5aba95",1273339,"released"
"42e75ea9-0d88-4fb5-ab0d-909a8a512a47","df7a35a0-dc6a-4801-a962-be2e171eb773.htseq.counts","b9091558c22abdc7adf713b16f96b5df",1273965,"released"
"28e5f49a-24a8-422c-a905-907f764c6e42","9b93ed0a-1316-4dd4-bfd8-b6807927a7ad.htseq.counts","a4fdbb589b5aa9c97581943754eb43db",1275245,"released"
"853c6091-72c5-43bd-a105-843ed703f21d","ace0c57d-c209-4e59-a8d7-c26cf72bce1a.htseq.counts","503861ff2b0178607599bf1b3364cfc7",1274437,"released"
"3868b38a-cca1-46d4-b880-9285c67a40a4","85af4f77-be45-4871-bdfb-f5b60223ed2f.htseq.counts","d4f8f6628538953888e336f9df6b066b",1268313,"released"
"0fc032d0-0bd8-4220-b258-b53f818fb09d","ae90fe2e-b857-463a-be07-b4ad9babc334.htseq.counts","06822749ee9ee08c276bfd5517fde275",1275300,"released"
"36411c9d-30c2-443c-a802-0dcd35782882","6ae8bc40-ca9f-4b71-a809-4d70396b116a.htseq.counts","8dadff7e5ebe31c99ee4a52d15d18ed5",1273003,"released"
"9a7c710d-b0ec-4785-befa-7397a9626c73","4194ec92-38f7-4449-b698-95da75eae017.htseq.counts","de4b8d47884ff15e0ab66ce77a1decf6",1278975,"released"
"7aa6b6fb-a28b-4d16-ac90-84c2c6c0dff1","e4220b7a-96e1-468b-9911-b1bf54ca0c09.htseq.counts","ea8a03bc10dea570f97d51dab90bbb0f",1273636,"released"
"38a2331f-9559-483c-b6dc-4f4028fb6aab","00e47068-3dcc-4b3d-ba10-8371a1d33cbc.htseq.counts","c4562fa245d7b52f13a3a456f9b9008d",1260762,"released"
"9b11d3a2-a193-4fdb-befa-f0cfd712338e","19709a7e-d7ae-45db-a8e6-5424c08e6dd6.htseq.counts","f69d703df8d061590fbbe0bf791c101d",1272581,"released"
"c24ae1da-789e-4fd0-b004-ed85d8c39d65","2f2ca307-4a07-4dfe-9c97-d07fc84b5e37.htseq.counts","29f817e443849c15749d040408a49395",1271199,"released"
"7c631538-8e1e-4319-af4e-cca68b235216","a3bf1ee6-d71c-43ee-b775-6d28176bb8a9.htseq.counts","1a9d5ada31cc3c1d89a2003a7279d6a9",1263972,"released"
"ea4faf2f-070c-4346-9681-b23e31ea7c34","86804d13-b05b-4c23-8e83-653fc4212de7.htseq.counts","4c4be1c2453447076ef6f77a7c97aded",1271494,"released"
"536cd03b-0bc8-4b86-8535-5b1edde385aa","e3eabcbe-d0e8-42a2-8533-2abbfcb84b20.htseq.counts","e1ffcc4771146d473da5ba09c8e594e9",1270445,"released"
"a9599472-8f67-4234-84df-9279b2c2e4d3","e2471e44-3677-40cd-9768-a71301fa2e53.htseq.counts","a2fe001332158c2c277dbf30929bf43b",1272453,"released"
"81b291b9-94c1-44ae-a8fb-af016fda16a0","7b6e55b7-ffed-4d53-baee-55f791069424.htseq.counts","354cba379572cc9dec2c2cfe1b4e6565",1270878,"released"
"f8b875ad-91f9-4e9f-a358-7ef08bc92c09","81988869-de07-4b87-ba00-247b93f58732.htseq.counts","484516173f68a0f001705275b2abbeb0",1274643,"released"
"bd56f5f4-f319-4c06-9b84-1073aae81e5d","afdcbe2a-e23f-43de-9bae-ed6e146333dd.htseq.counts","bc7659f04336de0843fd3c84a2b05687",1276914,"released"
"42f845a0-e2ce-4724-b405-c8978215c2e8","7c2b0108-1231-4543-a8bf-eb6644e76f41.htseq.counts","495e33dc678e5ad55d91839c344b1e55",1273815,"released"
"8425d840-4962-41cb-9351-cefbd0566de7","0d52a6e5-73cd-4853-b781-0c7c02fece21.htseq.counts","1ee5d689dff582e53a0b327ee3252ac0",1272414,"released"
"d5c0f504-8bbe-4e56-87f7-606f94340353","0b716d72-8978-47e3-9598-9bad87a71c29.htseq.counts","c867e3a72f49de1949a43c8ebcf1016c",1270670,"released"
"83772960-4d13-4142-8b3d-263a10fc1fd3","87c94a89-6345-4079-9e0d-17a91d6a96ed.htseq.counts","62a64e46a2b9930925c3f115972c9c56",1270331,"released"
"441dbe16-af52-4b0a-8d1c-cdcc9eda080d","279b261e-3ec4-44da-8d70-879ce84a79ab.htseq.counts","98abe6b1235e72625b2a23650ad9879f",1275230,"released"
"78d0b13d-6142-4e02-9551-78ce389a9658","618930e2-891c-48b4-98e1-98f57bce29c0.htseq.counts.gz","35148b7cdfbb8a9c140b6f17ea813bcd",262579,"released"
"b47be22e-3fe9-4582-b520-774efd252d61","8f8836f4-fb20-41df-a310-1d69a52c87c1.htseq.counts.gz","2d108233248f1fceb290b1da99990be6",250906,"released"
"5c91495b-7c2c-4638-954e-06195adc8877","6590e431-0b86-4337-893c-77d08491a94d.htseq.counts.gz","e7ec44c0285b9e8dbad2834f6d7f4777",259822,"released"
"4b4158b6-b61b-4cb5-ad68-83e253da23b5","6dcc6a75-5f5d-4a76-89b1-f444f2d0eeff.htseq.counts.gz","614206be87c472bfcc04e10ec5d82f6c",259789,"released"
"6ea216fc-cf66-4552-8bd3-de5cc3c231ca","d18d519d-e89f-436e-b1e2-6c6597bb518f.htseq.counts.gz","47c8712f96e798ae3592571839e57cde",263304,"released"
"e626c909-250b-4a3c-895c-768a80631ebd","06577849-42c5-444f-b493-260112753624.htseq.counts.gz","13c154de8ede2f89a94c872235c16127",259758,"released"
"ad9ce52a-ad83-40d7-b040-83e0b21f501e","16d33b8c-e9b7-4ce1-ad7b-ff447a0061b6.htseq.counts.gz","249f5a4e9518d2d95c2f2e16f1fb9354",261606,"released"
"9bffbea1-6400-4ad7-af50-e67ebd35fb59","0974eec2-812c-4778-87c4-1a28864612d8.htseq.counts.gz","b8e51e4fc6dba8f2b62169944a847c35",264165,"released"
"fb477a18-d1e4-48ec-bfb2-48f692ae0a18","a16e680a-52ef-4d61-a2e7-d6dcd7da7616.htseq.counts.gz","1a60d63889494b5ec155e1802823dbda",264729,"released"
"f8f71569-2f31-42a4-a98e-1174b8d316c1","26b31d84-588c-4d53-af27-9a374294d5c2.htseq.counts.gz","271d88dd03dee3f1cdc40bbbd4656239",264353,"released"
